published_date,channel_id,channel_title,video_title,description,thumbnail_url,video_tag,categoryId,defaultAudioLanguage,duration(s),licensed_content,status,for_kids,view_count,like_count,favorite_count,comment_count,topic_category,start_time(UTC),end_time(UTC),scheduled_time(UTC)
2024-06-20 17:18:15+00:00,UC4pEixMozb6UnOtwg5Uew-Q,Cecilia Lieberia Ch.ã€ Re:Memories ã€,KETIK NAMA UNTUK CEK KHODAM!,"ğŸ“– https://trakteer.id/cecilialieberia/tip agar pesanmu dibacain Mbak Google (pas cecil ngegame!)

= = = = = = = = = = = = = =

ğŸŒ™ Koleksi Merch Official Cecil dan Keluarga Rememe!
https://tokopedia.com/rememories

ğŸŒ™ Hadiah Kecil dari Pencil
https://youtu.be/Y_aXz7eIByM

ğŸŒ™ Re:Colorful Memories
https://youtu.be/QoT9GtwpvQ4

= = = = = = = = = = = = = =

You can support me through here~
ğŸ“– https://trakteer.id/cecilialieberia/tip
ğŸ“– https://streamlabs.com/cecilialieberia
And I will read in on ""Donation Reading"" or ""QnA Stream"" if I miss it :'3

For collaboration and business Inquiries:
ğŸ“– Contact@rememories.id

= = = = = = = = = = = = = =

Ini dia Peraturan di Perpustakaan:
ğŸŒŸ Boleh banget untuk clip dari livestreamku
ğŸŒŸ Gaboleh gelud, OOT, dan spam ya? Maacii~
ğŸŒŸ Gaboleh ngomong kasar sama sekali!
ğŸŒŸ Melanggar = Ku bonk pakai kamus tebalku

Here are The Library Rules:
ğŸŒŸ Feel free to clip from my livestream
ğŸŒŸ No fighting, OOT, and spam please? Thank you~
ğŸŒŸ No bad words at all! 
ğŸŒŸ Break the rules = I'll bonk you with my heavy dictionary 

= = = = = = = = = = = = = =

Follow my social media:
ğŸ“– Twitter: https://twitter.com/CeciliaLieberia
ğŸ“– Facebook: https://www.fb.com/CeciliaLieberiach
ğŸ“– Instagram: https://www.instagram.com/cecilialieb...
ğŸ“– TikTok: https://www.tiktok.com/@cecilialieberia

Follow my sisters & brother:
ğŸ—¡ï¸ Elaine Celestia : https://www.youtube.com/@ElaineCelestia
ğŸ¹ Reynard Blanc : https://www.youtube.com/@reynardblanc
ğŸ’« Lily Ifeta : https://www.youtube.com/@LilyIfeta
ğŸ€ Chloe Pawapua : https://www.youtube.com/@ChloePawapua
ğŸ’° Marin Goldlock : https://www.youtube.com/@MarinGoldlock
ğŸ¯ Leo Axenos : https://www.youtube.com/@LeoAxenos
â˜    Izanami Chiara : https://www.youtube.com/@IzanamiChiara
ğŸ“ Pinku Rimu : https://www.youtube.com/@PinkuRimu

#Gameplay #CileLive #CeciliaLieberia #Vtuberindo #virtualyoutuber #ãƒãƒ¼ãƒãƒ£ãƒ«YouTuber",https://i.ytimg.com/vi/8HyR3gebwK0/default.jpg,"rememories,rememories vtuber,chloe pawapua,reynard blanc,lily ifeta,evelyn vtuber,new vtuber,vtuber baru,cecilia lieberia,cecil rememories,Nanashi Mumei,mumei hololive,mumei indonesia,vtuber glasses,chloe,reynard,lily,evelyn,reinly,live2d,vtuber indonesia,anime,vtuber anime,muse indonesia",24,id,6149,TRUE,public,FALSE,4078,530,0,1,Entertainment,2024-06-20 15:02:23+00:00,,2024-06-20 15:00:00+00:00
2024-06-19 15:25:36+00:00,UC4pEixMozb6UnOtwg5Uew-Q,Cecilia Lieberia Ch.ã€ Re:Memories ã€,MENAMATKAN HAPALAN REGION INDO!!! w/ @EtnaCrimson,"MENAMATKAN HAPALAN REGION INDO!!! w/ ETNA CRIMSON (pov below!)

Etna's POV :
https://www.youtube.com/live/TIIc0jTNkzI?si=_zvdq4VtX0KvS57b
= = = = = = = = = = = = = =

ğŸŒ™ Koleksi Merch Official Cecil dan Keluarga Rememe!
https://tokopedia.com/rememories

ğŸŒ™ Hadiah Kecil dari Pencil
https://youtu.be/Y_aXz7eIByM

ğŸŒ™ Re:Colorful Memories
https://youtu.be/QoT9GtwpvQ4

= = = = = = = = = = = = = =

You can support me through here~
ğŸ“– https://trakteer.id/cecilialieberia/tip
ğŸ“– https://streamlabs.com/cecilialieberia
And I will read in on ""Donation Reading"" or ""QnA Stream"" if I miss it :'3

For collaboration and business Inquiries:
ğŸ“– Contact@rememories.id

= = = = = = = = = = = = = =

Ini dia Peraturan di Perpustakaan:
ğŸŒŸ Boleh banget untuk clip dari livestreamku
ğŸŒŸ Gaboleh gelud, OOT, dan spam ya? Maacii~
ğŸŒŸ Gaboleh ngomong kasar sama sekali!
ğŸŒŸ Melanggar = Ku bonk pakai kamus tebalku

Here are The Library Rules:
ğŸŒŸ Feel free to clip from my livestream
ğŸŒŸ No fighting, OOT, and spam please? Thank you~
ğŸŒŸ No bad words at all! 
ğŸŒŸ Break the rules = I'll bonk you with my heavy dictionary 

= = = = = = = = = = = = = =

Follow my social media:
ğŸ“– Twitter: https://twitter.com/CeciliaLieberia
ğŸ“– Facebook: https://www.fb.com/CeciliaLieberiach
ğŸ“– Instagram: https://www.instagram.com/cecilialieb...
ğŸ“– TikTok: https://www.tiktok.com/@cecilialieberia

Follow my sisters & brother:
ğŸ—¡ï¸ Elaine Celestia : https://www.youtube.com/@ElaineCelestia
ğŸ¹ Reynard Blanc : https://www.youtube.com/@reynardblanc
ğŸ’« Lily Ifeta : https://www.youtube.com/@LilyIfeta
ğŸ€ Chloe Pawapua : https://www.youtube.com/@ChloePawapua
ğŸ’° Marin Goldlock : https://www.youtube.com/@MarinGoldlock
ğŸ¯ Leo Axenos : https://www.youtube.com/@LeoAxenos
â˜    Izanami Chiara : https://www.youtube.com/@IzanamiChiara
ğŸ“ Pinku Rimu : https://www.youtube.com/@PinkuRimu

#Gameplay #CileLive #CeciliaLieberia #Vtuberindo #virtualyoutuber #ãƒãƒ¼ãƒãƒ£ãƒ«YouTuber",https://i.ytimg.com/vi/C9BGHsPXcrA/default.jpg,"rememories,rememories vtuber,chloe pawapua,reynard blanc,lily ifeta,evelyn vtuber,new vtuber,vtuber baru,cecilia lieberia,cecil rememories,Nanashi Mumei,mumei hololive,mumei indonesia,vtuber glasses,chloe,reynard,lily,evelyn,reinly,live2d,vtuber indonesia,anime,vtuber anime,muse indonesia",20,id,7939,TRUE,public,FALSE,3639,639,0,4,Video_game_culture,2024-06-19 13:01:37+00:00,,2024-06-19 13:00:00+00:00
2024-06-18 10:00:14+00:00,UC4pEixMozb6UnOtwg5Uew-Q,Cecilia Lieberia Ch.ã€ Re:Memories ã€,PR Keluarga Bencana Emma #shorts #school #correction,Sc : @kids_paper_checking (IG),https://i.ytimg.com/vi/JMQ96wO4Jko/default.jpg,,20,id,60,TRUE,public,FALSE,889,120,0,13,Entertainment,,,
2024-06-16 15:25:07+00:00,UC4pEixMozb6UnOtwg5Uew-Q,Cecilia Lieberia Ch.ã€ Re:Memories ã€,Petualangan kambing tantrum,"ğŸ“– https://trakteer.id/cecilialieberia/tip agar pesanmu dibacain Mbak Google (pas cecil ngegame!)

= = = = = = = = = = = = = =

ğŸŒ™ Koleksi Merch Official Cecil dan Keluarga Rememe!
https://tokopedia.com/rememories

ğŸŒ™ Hadiah Kecil dari Pencil
https://youtu.be/Y_aXz7eIByM

ğŸŒ™ Re:Colorful Memories
https://youtu.be/QoT9GtwpvQ4

= = = = = = = = = = = = = =

You can support me through here~
ğŸ“– https://trakteer.id/cecilialieberia/tip
ğŸ“– https://streamlabs.com/cecilialieberia
And I will read in on ""Donation Reading"" or ""QnA Stream"" if I miss it :'3

For collaboration and business Inquiries:
ğŸ“– Contact@rememories.id

= = = = = = = = = = = = = =

Ini dia Peraturan di Perpustakaan:
ğŸŒŸ Boleh banget untuk clip dari livestreamku
ğŸŒŸ Gaboleh gelud, OOT, dan spam ya? Maacii~
ğŸŒŸ Gaboleh ngomong kasar sama sekali!
ğŸŒŸ Melanggar = Ku bonk pakai kamus tebalku

Here are The Library Rules:
ğŸŒŸ Feel free to clip from my livestream
ğŸŒŸ No fighting, OOT, and spam please? Thank you~
ğŸŒŸ No bad words at all! 
ğŸŒŸ Break the rules = I'll bonk you with my heavy dictionary 

= = = = = = = = = = = = = =

Follow my social media:
ğŸ“– Twitter: https://twitter.com/CeciliaLieberia
ğŸ“– Facebook: https://www.fb.com/CeciliaLieberiach
ğŸ“– Instagram: https://www.instagram.com/cecilialieb...
ğŸ“– TikTok: https://www.tiktok.com/@cecilialieberia

Follow my sisters & brother:
ğŸ—¡ï¸ Elaine Celestia : https://www.youtube.com/@ElaineCelestia
ğŸ¹ Reynard Blanc : https://www.youtube.com/@reynardblanc
ğŸ’« Lily Ifeta : https://www.youtube.com/@LilyIfeta
ğŸ€ Chloe Pawapua : https://www.youtube.com/@ChloePawapua
ğŸ’° Marin Goldlock : https://www.youtube.com/@MarinGoldlock
ğŸ¯ Leo Axenos : https://www.youtube.com/@LeoAxenos
â˜    Izanami Chiara : https://www.youtube.com/@IzanamiChiara
ğŸ“ Pinku Rimu : https://www.youtube.com/@PinkuRimu

#Gameplay #CileLive #CeciliaLieberia #Vtuberindo #virtualyoutuber #ãƒãƒ¼ãƒãƒ£ãƒ«YouTuber",https://i.ytimg.com/vi/tDOMQrGKi_U/default.jpg,"rememories,rememories vtuber,chloe pawapua,reynard blanc,lily ifeta,evelyn vtuber,new vtuber,vtuber baru,cecilia lieberia,cecil rememories,Nanashi Mumei,mumei hololive,mumei indonesia,vtuber glasses,chloe,reynard,lily,evelyn,reinly,live2d,vtuber indonesia,anime,vtuber anime,muse indonesia",20,id,7603,TRUE,public,FALSE,1885,367,0,4,"Action-adventure_game,Action_game,Role-playing_video_game,Video_game_culture",2024-06-16 13:03:24+00:00,,2024-06-16 13:00:00+00:00
2024-06-14 17:39:44+00:00,UC4pEixMozb6UnOtwg5Uew-Q,Cecilia Lieberia Ch.ã€ Re:Memories ã€,ã€JOWO COVERã€‘IDOL - Cecilia Lieberia,"[TURN ON YOUTUBE CC FOR TRANSLATION]

ğŸŒ™ Cecil & Rememe Merchandise
https://www.tokopedia.com/rememories

= = = = = = = = = = = = = =

ã€Original Creditã€
â— Original : YOASOBIã€Œã‚¢ã‚¤ãƒ‰ãƒ«ã€ Official Music Video
  https://www.youtube.com/watch?v=ZRtdQ81jPUQ

ã€Cover Creditã€
â— Vocal : Cecilia Lieberia
â— Translyrics & Youtube CC : Soraã‚ (https://x.com/Haruki_Soraa)
â— Mixing : â€ª @reynardblanc  
â— Art : Gumi (https://x.com/gumixn)
â— Video : Yayo (https://x.com/re_yayoharo86)

= = = = = = = = = = = = = =

You can support me through here!~
ğŸ“– https://trakteer.id/cecilialieberia/tip
ğŸ“– https://streamlabs.com/cecilialieberia

For collaboration and business Inquiries:
ğŸ“– Contact@rememories.id

= = = = = = = = = = = = = =

Follow my social media:
ğŸ“– Twitter: https://twitter.com/CeciliaLieberia
ğŸ“– Facebook: https://www.fb.com/CeciliaLieberiach
ğŸ“– Instagram: https://www.instagram.com/cecilialieberia
ğŸ“– TikTok: https://www.tiktok.com/@cecilialieberia

Follow my sisters & brother:
ğŸ—¡ï¸ Elaine Celestia : https://www.youtube.com/@ElaineCelestia
ğŸ¹ Reynard Blanc : https://www.youtube.com/@reynardblanc
ğŸ’« Lily Ifeta : https://www.youtube.com/@LilyIfeta
ğŸ€ Chloe Pawapua : https://www.youtube.com/@ChloePawapua
ğŸ’° Marin Goldlock : https://www.youtube.com/@MarinGoldlock
ğŸ¯ Leo Axenos : https://www.youtube.com/@LeoAxenos
â˜    Izanami Chiara : https://www.youtube.com/@IzanamiChiara
ğŸ“ Pinku Rimu : https://www.youtube.com/@PinkuRimu

#CileLive #CeciliaLieberia #Vtuberindo #virtualyoutuber #ãƒãƒ¼ãƒãƒ£ãƒ«YouTuber",https://i.ytimg.com/vi/ZseduiG8QwA/default.jpg,"rememories,rememories vtuber,chloe pawapua,reynard blanc,lily ifeta,cecilia lieberia,cecil rememories,Nanashi Mumei,mumei hololive,mumei indonesia,vtuber glasses,chloe,reynard,lily,reinly,live2d,vtuber indonesia,anime,vtuber anime,muse indonesia,loli",24,id,215,FALSE,public,FALSE,15,43,0,4,"Music,Music_of_Asia,Pop_music",,,2024-06-23 13:00:00+00:00
2024-06-11 16:13:56+00:00,UC4pEixMozb6UnOtwg5Uew-Q,Cecilia Lieberia Ch.ã€ Re:Memories ã€,PPT (Para Pencari Telur),"ğŸ“– https://trakteer.id/cecilialieberia/tip agar pesanmu dibacain Mbak Google (pas cecil ngegame!)

= = = = = = = = = = = = = =

ğŸŒ™ Koleksi Merch Official Cecil dan Keluarga Rememe!
https://tokopedia.com/rememories

ğŸŒ™ Hadiah Kecil dari Pencil
https://youtu.be/Y_aXz7eIByM

ğŸŒ™ Re:Colorful Memories
https://youtu.be/QoT9GtwpvQ4

= = = = = = = = = = = = = =

You can support me through here~
ğŸ“– https://trakteer.id/cecilialieberia/tip
ğŸ“– https://streamlabs.com/cecilialieberia
And I will read in on ""Donation Reading"" or ""QnA Stream"" if I miss it :'3

For collaboration and business Inquiries:
ğŸ“– Contact@rememories.id

= = = = = = = = = = = = = =

Ini dia Peraturan di Perpustakaan:
ğŸŒŸ Boleh banget untuk clip dari livestreamku
ğŸŒŸ Gaboleh gelud, OOT, dan spam ya? Maacii~
ğŸŒŸ Gaboleh ngomong kasar sama sekali!
ğŸŒŸ Melanggar = Ku bonk pakai kamus tebalku

Here are The Library Rules:
ğŸŒŸ Feel free to clip from my livestream
ğŸŒŸ No fighting, OOT, and spam please? Thank you~
ğŸŒŸ No bad words at all! 
ğŸŒŸ Break the rules = I'll bonk you with my heavy dictionary 

= = = = = = = = = = = = = =

Follow my social media:
ğŸ“– Twitter: https://twitter.com/CeciliaLieberia
ğŸ“– Facebook: https://www.fb.com/CeciliaLieberiach
ğŸ“– Instagram: https://www.instagram.com/cecilialieb...
ğŸ“– TikTok: https://www.tiktok.com/@cecilialieberia

Follow my sisters & brother:
ğŸ—¡ï¸ Elaine Celestia : https://www.youtube.com/@ElaineCelestia
ğŸ¹ Reynard Blanc : https://www.youtube.com/@reynardblanc
ğŸ’« Lily Ifeta : https://www.youtube.com/@LilyIfeta
ğŸ€ Chloe Pawapua : https://www.youtube.com/@ChloePawapua
ğŸ’° Marin Goldlock : https://www.youtube.com/@MarinGoldlock
ğŸ¯ Leo Axenos : https://www.youtube.com/@LeoAxenos
â˜    Izanami Chiara : https://www.youtube.com/@IzanamiChiara
ğŸ“ Pinku Rimu : https://www.youtube.com/@PinkuRimu

#Gameplay #CileLive #CeciliaLieberia #Vtuberindo #virtualyoutuber #ãƒãƒ¼ãƒãƒ£ãƒ«YouTuber",https://i.ytimg.com/vi/83Yu_khVmV0/default.jpg,"rememories,rememories vtuber,chloe pawapua,reynard blanc,lily ifeta,evelyn vtuber,new vtuber,vtuber baru,cecilia lieberia,cecil rememories,Nanashi Mumei,mumei hololive,mumei indonesia,vtuber glasses,chloe,reynard,lily,evelyn,reinly,live2d,vtuber indonesia,anime,vtuber anime,muse indonesia",20,id,8955,TRUE,public,FALSE,2283,375,0,4,"Action_game,Video_game_culture",2024-06-11 13:33:54+00:00,,2024-06-11 13:30:00+00:00
2024-06-10 13:00:25+00:00,UC4pEixMozb6UnOtwg5Uew-Q,Cecilia Lieberia Ch.ã€ Re:Memories ã€,PR Julian Bocil Sigma #shorts #correction #school,Sc : @memdayi (IG),https://i.ytimg.com/vi/G7N9U8QYkew/default.jpg,,24,id,60,TRUE,public,FALSE,1169,134,0,9,,,,
2024-06-08 15:10:26+00:00,UC4pEixMozb6UnOtwg5Uew-Q,Cecilia Lieberia Ch.ã€ Re:Memories ã€,Majuu!!! Penentu kemenangan melawan Tim @LilyIfeta,"Download World of Tanks di:
ğŸŒ™ https://tanks.ly/3Vb4x5q

â–¼untuk pengguna baru akan mendapatkan:
â€¢ Premium Tank: Cromwell B (UK - Tier 6 - Medium Tank)
â€¢ Rental of 3 Premium Tanks:
a. Tiger 131 (Germany - Tier 6 - Medium Tank)
b. T78 (USA - Tier 6 - Light Tank)
c. Type 64 (China - Tier 6 - Light Tank)
â— 250,000 Credits
â— Akun premium selama 7 hari

â–¼Pengguna existing akan mendapatkan (Pengguna yang tidak login selama 30 hari):
â— Akun premium selama 3 hari
â— 1 Kamuflase tank (Tank customization element)
â— Premium Rental Tank (7 days) - Centurion Mk. 5/1 RAAC (Tier
8 UK Medium Tank), including a crew with 100% proficiency for
10 battles.
**Apabila pengguna sudah memiliki tank UK, akan
mendapatkan kredit sebesar 100,000

ğŸ“– https://trakteer.id/cecilialieberia/tip agar pesanmu dibacain Mbak Google (pas cecil ngegame!)
ğŸ“– pov Mbak Lily : https://youtu.be/CUqhcMB6vGQ

= = = = = = = = = = = = = =

ğŸŒ™ Koleksi Merch Official Cecil dan Keluarga Rememe!
https://tokopedia.com/rememories

ğŸŒ™ Hadiah Kecil dari Pencil
https://youtu.be/Y_aXz7eIByM

ğŸŒ™ Re:Colorful Memories
https://youtu.be/QoT9GtwpvQ4

= = = = = = = = = = = = = =

You can support me through here~
ğŸ“– https://trakteer.id/cecilialieberia/tip
ğŸ“– https://streamlabs.com/cecilialieberia
And I will read in on ""Donation Reading"" or ""QnA Stream"" if I miss it :'3

For collaboration and business Inquiries:
ğŸ“– Contact@rememories.id

= = = = = = = = = = = = = =

Ini dia Peraturan di Perpustakaan:
ğŸŒŸ Boleh banget untuk clip dari livestreamku
ğŸŒŸ Gaboleh gelud, OOT, dan spam ya? Maacii~
ğŸŒŸ Gaboleh ngomong kasar sama sekali!
ğŸŒŸ Melanggar = Ku bonk pakai kamus tebalku

Here are The Library Rules:
ğŸŒŸ Feel free to clip from my livestream
ğŸŒŸ No fighting, OOT, and spam please? Thank you~
ğŸŒŸ No bad words at all! 
ğŸŒŸ Break the rules = I'll bonk you with my heavy dictionary 

= = = = = = = = = = = = = =

Follow my social media:
ğŸ“– Twitter: https://twitter.com/CeciliaLieberia
ğŸ“– Facebook: https://www.fb.com/CeciliaLieberiach
ğŸ“– Instagram: https://www.instagram.com/cecilialieb...
ğŸ“– TikTok: https://www.tiktok.com/@cecilialieberia

Follow my sisters & brother:
ğŸ—¡ï¸ Elaine Celestia : https://www.youtube.com/@ElaineCelestia
ğŸ¹ Reynard Blanc : https://www.youtube.com/@reynardblanc
ğŸ’« Lily Ifeta : https://www.youtube.com/@LilyIfeta
ğŸ€ Chloe Pawapua : https://www.youtube.com/@ChloePawapua
ğŸ’° Marin Goldlock : https://www.youtube.com/@MarinGoldlock
ğŸ¯ Leo Axenos : https://www.youtube.com/@LeoAxenos
â˜    Izanami Chiara : https://www.youtube.com/@IzanamiChiara
ğŸ“ Pinku Rimu : https://www.youtube.com/@PinkuRimu

#Gameplay #CileLive #CeciliaLieberia #Vtuberindo #virtualyoutuber #ãƒãƒ¼ãƒãƒ£ãƒ«YouTuber",https://i.ytimg.com/vi/MUKmR_iAma8/default.jpg,"rememories,rememories vtuber,chloe pawapua,reynard blanc,lily ifeta,evelyn vtuber,new vtuber,vtuber baru,cecilia lieberia,cecil rememories,Nanashi Mumei,mumei hololive,mumei indonesia,vtuber glasses,chloe,reynard,lily,evelyn,reinly,live2d,vtuber indonesia,anime,vtuber anime,muse indonesia",20,id,7246,TRUE,public,FALSE,1775,280,0,8,"Action_game,Role-playing_video_game,Strategy_video_game,Video_game_culture",2024-06-08 13:01:28+00:00,,2024-06-08 13:00:00+00:00
2024-06-08 08:00:27+00:00,UC4pEixMozb6UnOtwg5Uew-Q,Cecilia Lieberia Ch.ã€ Re:Memories ã€,Loli jawa nyasar di Jepang #shorts #vtuber #jawa,,https://i.ytimg.com/vi/qBIGMJvfr-g/default.jpg,,20,id,60,TRUE,public,FALSE,16918,1310,0,32,Video_game_culture,,,
2024-06-08 03:24:04+00:00,UC4pEixMozb6UnOtwg5Uew-Q,Cecilia Lieberia Ch.ã€ Re:Memories ã€,Menjadi bocil Roblox bersama @RenaAnggraeni,"ğŸ“– https://trakteer.id/cecilialieberia/tip agar pesanmu dibacain Mbak Google (pas cecil ngegame!)
ğŸ“– pov Mbak Rena : https://www.youtube.com/live/Yr0An-6_sgc?si=3KyuQXbtfJLii5vh

= = = = = = = = = = = = = =

ğŸŒ™ Koleksi Merch Official Cecil dan Keluarga Rememe!
https://tokopedia.com/rememories

ğŸŒ™ Hadiah Kecil dari Pencil
https://youtu.be/Y_aXz7eIByM

ğŸŒ™ Re:Colorful Memories
https://youtu.be/QoT9GtwpvQ4

= = = = = = = = = = = = = =

You can support me through here~
ğŸ“– https://trakteer.id/cecilialieberia/tip
ğŸ“– https://streamlabs.com/cecilialieberia
And I will read in on ""Donation Reading"" or ""QnA Stream"" if I miss it :'3

For collaboration and business Inquiries:
ğŸ“– Contact@rememories.id

= = = = = = = = = = = = = =

Ini dia Peraturan di Perpustakaan:
ğŸŒŸ Boleh banget untuk clip dari livestreamku
ğŸŒŸ Gaboleh gelud, OOT, dan spam ya? Maacii~
ğŸŒŸ Gaboleh ngomong kasar sama sekali!
ğŸŒŸ Melanggar = Ku bonk pakai kamus tebalku

Here are The Library Rules:
ğŸŒŸ Feel free to clip from my livestream
ğŸŒŸ No fighting, OOT, and spam please? Thank you~
ğŸŒŸ No bad words at all! 
ğŸŒŸ Break the rules = I'll bonk you with my heavy dictionary 

= = = = = = = = = = = = = =

Follow my social media:
ğŸ“– Twitter: https://twitter.com/CeciliaLieberia
ğŸ“– Facebook: https://www.fb.com/CeciliaLieberiach
ğŸ“– Instagram: https://www.instagram.com/cecilialieb...
ğŸ“– TikTok: https://www.tiktok.com/@cecilialieberia

Follow my sisters & brother:
ğŸ—¡ï¸ Elaine Celestia : https://www.youtube.com/@ElaineCelestia
ğŸ¹ Reynard Blanc : https://www.youtube.com/@reynardblanc
ğŸ’« Lily Ifeta : https://www.youtube.com/@LilyIfeta
ğŸ€ Chloe Pawapua : https://www.youtube.com/@ChloePawapua
ğŸ’° Marin Goldlock : https://www.youtube.com/@MarinGoldlock
ğŸ¯ Leo Axenos : https://www.youtube.com/@LeoAxenos
â˜    Izanami Chiara : https://www.youtube.com/@IzanamiChiara
ğŸ“ Pinku Rimu : https://www.youtube.com/@PinkuRimu

#Gameplay #CileLive #CeciliaLieberia #Vtuberindo #virtualyoutuber #ãƒãƒ¼ãƒãƒ£ãƒ«YouTuber",https://i.ytimg.com/vi/w2EIZRtK5Fk/default.jpg,"rememories,rememories vtuber,chloe pawapua,reynard blanc,lily ifeta,evelyn vtuber,new vtuber,vtuber baru,cecilia lieberia,cecil rememories,Nanashi Mumei,mumei hololive,mumei indonesia,vtuber glasses,chloe,reynard,lily,evelyn,reinly,live2d,vtuber indonesia,anime,vtuber anime,muse indonesia",20,id,9432,TRUE,public,FALSE,2500,369,0,6,"Action-adventure_game,Role-playing_video_game,Video_game_culture",2024-06-08 00:39:14+00:00,,2024-06-08 00:30:00+00:00
2024-06-07 14:19:24+00:00,UC4pEixMozb6UnOtwg5Uew-Q,Cecilia Lieberia Ch.ã€ Re:Memories ã€,Strim bentar yuuk~?,"ğŸ“– https://trakteer.id/cecilialieberia/tip agar pesanmu dibacain Mbak Google (pas cecil ngegame!)

= = = = = = = = = = = = = =

ğŸŒ™ Koleksi Merch Official Cecil dan Keluarga Rememe!
https://tokopedia.com/rememories

ğŸŒ™ Hadiah Kecil dari Pencil
https://youtu.be/Y_aXz7eIByM

ğŸŒ™ Re:Colorful Memories
https://youtu.be/QoT9GtwpvQ4

= = = = = = = = = = = = = =

You can support me through here~
ğŸ“– https://trakteer.id/cecilialieberia/tip
ğŸ“– https://streamlabs.com/cecilialieberia
And I will read in on ""Donation Reading"" or ""QnA Stream"" if I miss it :'3

For collaboration and business Inquiries:
ğŸ“– Contact@rememories.id

= = = = = = = = = = = = = =

Ini dia Peraturan di Perpustakaan:
ğŸŒŸ Boleh banget untuk clip dari livestreamku
ğŸŒŸ Gaboleh gelud, OOT, dan spam ya? Maacii~
ğŸŒŸ Gaboleh ngomong kasar sama sekali!
ğŸŒŸ Melanggar = Ku bonk pakai kamus tebalku

Here are The Library Rules:
ğŸŒŸ Feel free to clip from my livestream
ğŸŒŸ No fighting, OOT, and spam please? Thank you~
ğŸŒŸ No bad words at all! 
ğŸŒŸ Break the rules = I'll bonk you with my heavy dictionary 

= = = = = = = = = = = = = =

Follow my social media:
ğŸ“– Twitter: https://twitter.com/CeciliaLieberia
ğŸ“– Facebook: https://www.fb.com/CeciliaLieberiach
ğŸ“– Instagram: https://www.instagram.com/cecilialieb...
ğŸ“– TikTok: https://www.tiktok.com/@cecilialieberia

Follow my sisters & brother:
ğŸ—¡ï¸ Elaine Celestia : https://www.youtube.com/@ElaineCelestia
ğŸ¹ Reynard Blanc : https://www.youtube.com/@reynardblanc
ğŸ’« Lily Ifeta : https://www.youtube.com/@LilyIfeta
ğŸ€ Chloe Pawapua : https://www.youtube.com/@ChloePawapua
ğŸ’° Marin Goldlock : https://www.youtube.com/@MarinGoldlock
ğŸ¯ Leo Axenos : https://www.youtube.com/@LeoAxenos
â˜    Izanami Chiara : https://www.youtube.com/@IzanamiChiara
ğŸ“ Pinku Rimu : https://www.youtube.com/@PinkuRimu

#Gameplay #CileLive #CeciliaLieberia #Vtuberindo #virtualyoutuber #ãƒãƒ¼ãƒãƒ£ãƒ«YouTuber",https://i.ytimg.com/vi/mLHPM040zH0/default.jpg,"rememories,rememories vtuber,chloe pawapua,reynard blanc,lily ifeta,evelyn vtuber,new vtuber,vtuber baru,cecilia lieberia,cecil rememories,Nanashi Mumei,mumei hololive,mumei indonesia,vtuber glasses,chloe,reynard,lily,evelyn,reinly,live2d,vtuber indonesia,anime,vtuber anime,muse indonesia",24,id,4246,FALSE,public,FALSE,1529,263,0,4,"Puzzle_video_game,Video_game_culture",2024-06-07 13:02:32+00:00,,2024-06-07 13:00:00+00:00
2024-06-03 16:47:40+00:00,UC4pEixMozb6UnOtwg5Uew-Q,Cecilia Lieberia Ch.ã€ Re:Memories ã€,Sini Cecil temeni sambil chilling game (ril serius),"ğŸ“– https://trakteer.id/cecilialieberia/tip agar pesanmu dibacain Mbak Google (pas cecil ngegame!)

= = = = = = = = = = = = = =

ğŸŒ™ Koleksi Merch Official Cecil dan Keluarga Rememe!
https://tokopedia.com/rememories

ğŸŒ™ Hadiah Kecil dari Pencil
https://youtu.be/Y_aXz7eIByM

ğŸŒ™ Re:Colorful Memories
https://youtu.be/QoT9GtwpvQ4

= = = = = = = = = = = = = =

You can support me through here~
ğŸ“– https://trakteer.id/cecilialieberia/tip
ğŸ“– https://streamlabs.com/cecilialieberia
And I will read in on ""Donation Reading"" or ""QnA Stream"" if I miss it :'3

For collaboration and business Inquiries:
ğŸ“– Contact@rememories.id

= = = = = = = = = = = = = =

Ini dia Peraturan di Perpustakaan:
ğŸŒŸ Boleh banget untuk clip dari livestreamku
ğŸŒŸ Gaboleh gelud, OOT, dan spam ya? Maacii~
ğŸŒŸ Gaboleh ngomong kasar sama sekali!
ğŸŒŸ Melanggar = Ku bonk pakai kamus tebalku

Here are The Library Rules:
ğŸŒŸ Feel free to clip from my livestream
ğŸŒŸ No fighting, OOT, and spam please? Thank you~
ğŸŒŸ No bad words at all! 
ğŸŒŸ Break the rules = I'll bonk you with my heavy dictionary 

= = = = = = = = = = = = = =

Follow my social media:
ğŸ“– Twitter: https://twitter.com/CeciliaLieberia
ğŸ“– Facebook: https://www.fb.com/CeciliaLieberiach
ğŸ“– Instagram: https://www.instagram.com/cecilialieb...
ğŸ“– TikTok: https://www.tiktok.com/@cecilialieberia

Follow my sisters & brother:
ğŸ—¡ï¸ Elaine Celestia : https://www.youtube.com/@ElaineCelestia
ğŸ¹ Reynard Blanc : https://www.youtube.com/@reynardblanc
ğŸ’« Lily Ifeta : https://www.youtube.com/@LilyIfeta
ğŸ€ Chloe Pawapua : https://www.youtube.com/@ChloePawapua
ğŸ’° Marin Goldlock : https://www.youtube.com/@MarinGoldlock
ğŸ¯ Leo Axenos : https://www.youtube.com/@LeoAxenos
â˜    Izanami Chiara : https://www.youtube.com/@IzanamiChiara
ğŸ“ Pinku Rimu : https://www.youtube.com/@PinkuRimu

#Gameplay #CileLive #CeciliaLieberia #Vtuberindo #virtualyoutuber #ãƒãƒ¼ãƒãƒ£ãƒ«YouTuber",https://i.ytimg.com/vi/NqQBlalLzMc/default.jpg,"rememories,rememories vtuber,chloe pawapua,reynard blanc,lily ifeta,evelyn vtuber,new vtuber,vtuber baru,cecilia lieberia,cecil rememories,Nanashi Mumei,mumei hololive,mumei indonesia,vtuber glasses,chloe,reynard,lily,evelyn,reinly,live2d,vtuber indonesia,anime,vtuber anime,muse indonesia",20,id,9468,TRUE,public,FALSE,3134,500,0,3,"Puzzle_video_game,Role-playing_video_game,Video_game_culture",2024-06-03 14:01:30+00:00,,2024-06-03 14:00:00+00:00
2024-05-30 14:50:56+00:00,UC4pEixMozb6UnOtwg5Uew-Q,Cecilia Lieberia Ch.ã€ Re:Memories ã€,Kuothon sambil Mortuary? YA KAGAK LAHH,"ğŸ“– https://trakteer.id/cecilialieberia/tip agar pesanmu dibacain Mbak Google (pas cecil ngegame!)

= = = = = = = = = = = = = =

ğŸŒ™ Koleksi Merch Official Cecil dan Keluarga Rememe!
https://tokopedia.com/rememories

ğŸŒ™ Hadiah Kecil dari Pencil
https://youtu.be/Y_aXz7eIByM

ğŸŒ™ Re:Colorful Memories
https://youtu.be/QoT9GtwpvQ4

= = = = = = = = = = = = = =

You can support me through here~
ğŸ“– https://trakteer.id/cecilialieberia/tip
ğŸ“– https://streamlabs.com/cecilialieberia
And I will read in on ""Donation Reading"" or ""QnA Stream"" if I miss it :'3

For collaboration and business Inquiries:
ğŸ“– Contact@rememories.id

= = = = = = = = = = = = = =

Ini dia Peraturan di Perpustakaan:
ğŸŒŸ Boleh banget untuk clip dari livestreamku
ğŸŒŸ Gaboleh gelud, OOT, dan spam ya? Maacii~
ğŸŒŸ Gaboleh ngomong kasar sama sekali!
ğŸŒŸ Melanggar = Ku bonk pakai kamus tebalku

Here are The Library Rules:
ğŸŒŸ Feel free to clip from my livestream
ğŸŒŸ No fighting, OOT, and spam please? Thank you~
ğŸŒŸ No bad words at all! 
ğŸŒŸ Break the rules = I'll bonk you with my heavy dictionary 

= = = = = = = = = = = = = =

Follow my social media:
ğŸ“– Twitter: https://twitter.com/CeciliaLieberia
ğŸ“– Facebook: https://www.fb.com/CeciliaLieberiach
ğŸ“– Instagram: https://www.instagram.com/cecilialieb...
ğŸ“– TikTok: https://www.tiktok.com/@cecilialieberia

Follow my sisters & brother:
ğŸ—¡ï¸ Elaine Celestia : https://www.youtube.com/@ElaineCelestia
ğŸ¹ Reynard Blanc : https://www.youtube.com/@reynardblanc
ğŸ’« Lily Ifeta : https://www.youtube.com/@LilyIfeta
ğŸ€ Chloe Pawapua : https://www.youtube.com/@ChloePawapua
ğŸ’° Marin Goldlock : https://www.youtube.com/@MarinGoldlock
ğŸ¯ Leo Axenos : https://www.youtube.com/@LeoAxenos
â˜    Izanami Chiara : https://www.youtube.com/@IzanamiChiara
ğŸ“ Pinku Rimu : https://www.youtube.com/@PinkuRimu

#Gameplay #CileLive #CeciliaLieberia #Vtuberindo #virtualyoutuber #ãƒãƒ¼ãƒãƒ£ãƒ«YouTuber",https://i.ytimg.com/vi/smQAZ-Icy9M/default.jpg,"rememories,rememories vtuber,chloe pawapua,reynard blanc,lily ifeta,evelyn vtuber,new vtuber,vtuber baru,cecilia lieberia,cecil rememories,Nanashi Mumei,mumei hololive,mumei indonesia,vtuber glasses,chloe,reynard,lily,evelyn,reinly,live2d,vtuber indonesia,anime,vtuber anime,muse indonesia",20,id,5497,TRUE,public,FALSE,3350,485,0,5,"Action-adventure_game,Puzzle_video_game,Role-playing_video_game,Video_game_culture",2024-05-30 13:02:32+00:00,,2024-05-30 13:00:00+00:00
2024-05-28 16:24:05+00:00,UC4pEixMozb6UnOtwg5Uew-Q,Cecilia Lieberia Ch.ã€ Re:Memories ã€,strim inet bauk,"ğŸ“– https://trakteer.id/cecilialieberia/tip agar pesanmu dibacain Mbak Google (pas cecil ngegame!)

= = = = = = = = = = = = = =

ğŸŒ™ Koleksi Merch Official Cecil dan Keluarga Rememe!
https://tokopedia.com/rememories

ğŸŒ™ Hadiah Kecil dari Pencil
https://youtu.be/Y_aXz7eIByM

ğŸŒ™ Re:Colorful Memories
https://youtu.be/QoT9GtwpvQ4

= = = = = = = = = = = = = =

You can support me through here~
ğŸ“– https://trakteer.id/cecilialieberia/tip
ğŸ“– https://streamlabs.com/cecilialieberia
And I will read in on ""Donation Reading"" or ""QnA Stream"" if I miss it :'3

For collaboration and business Inquiries:
ğŸ“– Contact@rememories.id

= = = = = = = = = = = = = =

Ini dia Peraturan di Perpustakaan:
ğŸŒŸ Boleh banget untuk clip dari livestreamku
ğŸŒŸ Gaboleh gelud, OOT, dan spam ya? Maacii~
ğŸŒŸ Gaboleh ngomong kasar sama sekali!
ğŸŒŸ Melanggar = Ku bonk pakai kamus tebalku

Here are The Library Rules:
ğŸŒŸ Feel free to clip from my livestream
ğŸŒŸ No fighting, OOT, and spam please? Thank you~
ğŸŒŸ No bad words at all! 
ğŸŒŸ Break the rules = I'll bonk you with my heavy dictionary 

= = = = = = = = = = = = = =

Follow my social media:
ğŸ“– Twitter: https://twitter.com/CeciliaLieberia
ğŸ“– Facebook: https://www.fb.com/CeciliaLieberiach
ğŸ“– Instagram: https://www.instagram.com/cecilialieb...
ğŸ“– TikTok: https://www.tiktok.com/@cecilialieberia

Follow my sisters & brother:
ğŸ—¡ï¸ Elaine Celestia : https://www.youtube.com/@ElaineCelestia
ğŸ¹ Reynard Blanc : https://www.youtube.com/@reynardblanc
ğŸ’« Lily Ifeta : https://www.youtube.com/@LilyIfeta
ğŸ€ Chloe Pawapua : https://www.youtube.com/@ChloePawapua
ğŸ’° Marin Goldlock : https://www.youtube.com/@MarinGoldlock
ğŸ¯ Leo Axenos : https://www.youtube.com/@LeoAxenos
â˜    Izanami Chiara : https://www.youtube.com/@IzanamiChiara
ğŸ“ Pinku Rimu : https://www.youtube.com/@PinkuRimu

#Gameplay #CileLive #CeciliaLieberia #Vtuberindo #virtualyoutuber #ãƒãƒ¼ãƒãƒ£ãƒ«YouTuber",https://i.ytimg.com/vi/O0TmLsLENBA/default.jpg,"rememories,rememories vtuber,chloe pawapua,reynard blanc,lily ifeta,evelyn vtuber,new vtuber,vtuber baru,cecilia lieberia,cecil rememories,Nanashi Mumei,mumei hololive,mumei indonesia,vtuber glasses,chloe,reynard,lily,evelyn,reinly,live2d,vtuber indonesia,anime,vtuber anime,muse indonesia",24,id,7976,FALSE,public,FALSE,2814,436,0,5,"Puzzle_video_game,Video_game_culture",2024-05-28 14:01:37+00:00,,2024-05-28 14:00:00+00:00
2024-05-25 14:48:02+00:00,UC4pEixMozb6UnOtwg5Uew-Q,Cecilia Lieberia Ch.ã€ Re:Memories ã€,Tutor bahasa jepang berkedok mlaku-mlaku! ã€ SHASHINGO ã€‘,"Makin Shashingo dengan cecil yuk! Mumpung diskon 20% di Steam~
https://store.steampowered.com/app/1632490/Shashingo_Learn_Japanese_with_Photography/

= = = = = = = = = = = = = =

ğŸŒ™ Koleksi Merch Official Cecil dan Keluarga Rememe!
https://tokopedia.com/rememories

ğŸŒ™ Hadiah Kecil dari Pencil
https://youtu.be/Y_aXz7eIByM

ğŸŒ™ Re:Colorful Memories
https://youtu.be/QoT9GtwpvQ4

= = = = = = = = = = = = = =

You can support me through here~
ğŸ“– https://trakteer.id/cecilialieberia/tip
ğŸ“– https://streamlabs.com/cecilialieberia
And I will read in on ""Donation Reading"" or ""QnA Stream"" if I miss it :'3

For collaboration and business Inquiries:
ğŸ“– Contact@rememories.id

= = = = = = = = = = = = = =

Ini dia Peraturan di Perpustakaan:
ğŸŒŸ Boleh banget untuk clip dari livestreamku
ğŸŒŸ Gaboleh gelud, OOT, dan spam ya? Maacii~
ğŸŒŸ Gaboleh ngomong kasar sama sekali!
ğŸŒŸ Melanggar = Ku bonk pakai kamus tebalku

Here are The Library Rules:
ğŸŒŸ Feel free to clip from my livestream
ğŸŒŸ No fighting, OOT, and spam please? Thank you~
ğŸŒŸ No bad words at all! 
ğŸŒŸ Break the rules = I'll bonk you with my heavy dictionary 

= = = = = = = = = = = = = =

Follow my social media:
ğŸ“– Twitter: https://twitter.com/CeciliaLieberia
ğŸ“– Facebook: https://www.fb.com/CeciliaLieberiach
ğŸ“– Instagram: https://www.instagram.com/cecilialieb...
ğŸ“– TikTok: https://www.tiktok.com/@cecilialieberia

Follow my sisters & brother:
ğŸ—¡ï¸ Elaine Celestia : https://www.youtube.com/@ElaineCelestia
ğŸ¹ Reynard Blanc : https://www.youtube.com/@reynardblanc
ğŸ’« Lily Ifeta : https://www.youtube.com/@LilyIfeta
ğŸ€ Chloe Pawapua : https://www.youtube.com/@ChloePawapua
ğŸ’° Marin Goldlock : https://www.youtube.com/@MarinGoldlock
ğŸ¯ Leo Axenos : https://www.youtube.com/@LeoAxenos
â˜    Izanami Chiara : https://www.youtube.com/@IzanamiChiara
ğŸ“ Pinku Rimu : https://www.youtube.com/@PinkuRimu

#Gameplay #CileLive #CeciliaLieberia #Vtuberindo #virtualyoutuber #ãƒãƒ¼ãƒãƒ£ãƒ«YouTuber",https://i.ytimg.com/vi/pgZdOaHMe_k/default.jpg,"rememories,rememories vtuber,chloe pawapua,reynard blanc,lily ifeta,evelyn vtuber,new vtuber,vtuber baru,cecilia lieberia,cecil rememories,Nanashi Mumei,mumei hololive,mumei indonesia,vtuber glasses,chloe,reynard,lily,evelyn,reinly,live2d,vtuber indonesia,anime,vtuber anime,muse indonesia",20,id,5703,TRUE,public,FALSE,2104,357,0,7,"Action-adventure_game,Puzzle_video_game,Video_game_culture",2024-05-25 13:02:26+00:00,,2024-05-25 13:00:00+00:00
2024-05-24 15:00:57+00:00,UC4pEixMozb6UnOtwg5Uew-Q,Cecilia Lieberia Ch.ã€ Re:Memories ã€,Aaa jangan dong ğŸ¥º,"You can support me through here!~
ğŸ“– https://trakteer.id/cecilialieberia/tip
ğŸ“– https://streamlabs.com/cecilialieberia

For collaboration and business Inquiries:
ğŸ“– Contact@rememories.id

= = = = = = = = = = = = = =

Follow my social media:
ğŸ“– Twitter: https://twitter.com/CeciliaLieberia
ğŸ“– Facebook: https://www.fb.com/CeciliaLieberiach
ğŸ“– Instagram: https://www.instagram.com/cecilialieberia
ğŸ“– TikTok: https://www.tiktok.com/@cecilialieberia

Follow my sisters & brother:
ğŸ—¡ï¸ Elaine Celestia : https://www.youtube.com/@ElaineCelestia
ğŸ¹ Reynard Blanc : https://www.youtube.com/@reynardblanc
ğŸ’« Lily Ifeta : https://www.youtube.com/@LilyIfeta
ğŸ€ Chloe Pawapua : https://www.youtube.com/@ChloePawapua
ğŸ’° Marin Goldlock : https://www.youtube.com/@MarinGoldlock
ğŸ¯ Leo Axenos : https://www.youtube.com/@LeoAxenos
â˜    Izanami Chiara : https://www.youtube.com/@IzanamiChiara
ğŸ“ Pinku Rimu : https://www.youtube.com/@PinkuRimu

#CileLive #CeciliaLieberia #Vtuberindo #virtualyoutuber #ãƒãƒ¼ãƒãƒ£ãƒ«YouTuber",https://i.ytimg.com/vi/zIUNTZ9mZD8/default.jpg,"rememories,rememories vtuber,chloe pawapua,reynard blanc,lily ifeta,cecilia lieberia,cecil rememories,Nanashi Mumei,mumei hololive,mumei indonesia,vtuber glasses,chloe,reynard,lily,reinly,live2d,vtuber indonesia,anime,vtuber anime,muse indonesia,loli",20,id,12,TRUE,public,FALSE,5759,829,0,62,Entertainment,,,
2024-05-24 08:47:51+00:00,UC4pEixMozb6UnOtwg5Uew-Q,Cecilia Lieberia Ch.ã€ Re:Memories ã€,mabar tetris yuuk?,"ğŸŒ™ Koleksi Merch Official Cecil dan Keluarga Rememe!
https://tokopedia.com/rememories

ğŸŒ™ Hadiah Kecil dari Pencil
https://youtu.be/Y_aXz7eIByM

ğŸŒ™ Re:Colorful Memories
https://youtu.be/QoT9GtwpvQ4

= = = = = = = = = = = = = =

You can support me through here~
ğŸ“– https://trakteer.id/cecilialieberia/tip
ğŸ“– https://streamlabs.com/cecilialieberia
And I will read in on ""Donation Reading"" or ""QnA Stream"" if I miss it :'3

For collaboration and business Inquiries:
ğŸ“– Contact@rememories.id

= = = = = = = = = = = = = =

Ini dia Peraturan di Perpustakaan:
ğŸŒŸ Boleh banget untuk clip dari livestreamku
ğŸŒŸ Gaboleh gelud, OOT, dan spam ya? Maacii~
ğŸŒŸ Gaboleh ngomong kasar sama sekali!
ğŸŒŸ Melanggar = Ku bonk pakai kamus tebalku

Here are The Library Rules:
ğŸŒŸ Feel free to clip from my livestream
ğŸŒŸ No fighting, OOT, and spam please? Thank you~
ğŸŒŸ No bad words at all! 
ğŸŒŸ Break the rules = I'll bonk you with my heavy dictionary 

= = = = = = = = = = = = = =

Follow my social media:
ğŸ“– Twitter: https://twitter.com/CeciliaLieberia
ğŸ“– Facebook: https://www.fb.com/CeciliaLieberiach
ğŸ“– Instagram: https://www.instagram.com/cecilialieb...
ğŸ“– TikTok: https://www.tiktok.com/@cecilialieberia

Follow my sisters & brother:
ğŸ—¡ï¸ Elaine Celestia : https://www.youtube.com/@ElaineCelestia
ğŸ¹ Reynard Blanc : https://www.youtube.com/@reynardblanc
ğŸ’« Lily Ifeta : https://www.youtube.com/@LilyIfeta
ğŸ€ Chloe Pawapua : https://www.youtube.com/@ChloePawapua
ğŸ’° Marin Goldlock : https://www.youtube.com/@MarinGoldlock
ğŸ¯ Leo Axenos : https://www.youtube.com/@LeoAxenos
â˜    Izanami Chiara : https://www.youtube.com/@IzanamiChiara
ğŸ“ Pinku Rimu : https://www.youtube.com/@PinkuRimu

#Gameplay #CileLive #CeciliaLieberia #Vtuberindo #virtualyoutuber #ãƒãƒ¼ãƒãƒ£ãƒ«YouTuber",https://i.ytimg.com/vi/yDyTSAADh3o/default.jpg,"rememories,rememories vtuber,chloe pawapua,reynard blanc,lily ifeta,evelyn vtuber,new vtuber,vtuber baru,cecilia lieberia,cecil rememories,Nanashi Mumei,mumei hololive,mumei indonesia,vtuber glasses,chloe,reynard,lily,evelyn,reinly,live2d,vtuber indonesia,anime,vtuber anime,muse indonesia",20,id,5795,TRUE,public,FALSE,2095,378,0,6,"Puzzle_video_game,Video_game_culture",2024-05-24 07:01:55+00:00,,2024-05-24 07:00:00+00:00
2024-05-23 07:11:08+00:00,UC4pEixMozb6UnOtwg5Uew-Q,Cecilia Lieberia Ch.ã€ Re:Memories ã€,strim kuothon (endstream saat kuota habis awekwowk :v),"ğŸŒ™ Koleksi Merch Official Cecil dan Keluarga Rememe!
https://tokopedia.com/rememories

ğŸŒ™ Hadiah Kecil dari Pencil
https://youtu.be/Y_aXz7eIByM

ğŸŒ™ Re:Colorful Memories
https://youtu.be/QoT9GtwpvQ4

= = = = = = = = = = = = = =

You can support me through here~
ğŸ“– https://trakteer.id/cecilialieberia/tip
ğŸ“– https://streamlabs.com/cecilialieberia
And I will read in on ""Donation Reading"" or ""QnA Stream"" if I miss it :'3

For collaboration and business Inquiries:
ğŸ“– Contact@rememories.id

= = = = = = = = = = = = = =

Ini dia Peraturan di Perpustakaan:
ğŸŒŸ Boleh banget untuk clip dari livestreamku
ğŸŒŸ Gaboleh gelud, OOT, dan spam ya? Maacii~
ğŸŒŸ Gaboleh ngomong kasar sama sekali!
ğŸŒŸ Melanggar = Ku bonk pakai kamus tebalku

Here are The Library Rules:
ğŸŒŸ Feel free to clip from my livestream
ğŸŒŸ No fighting, OOT, and spam please? Thank you~
ğŸŒŸ No bad words at all! 
ğŸŒŸ Break the rules = I'll bonk you with my heavy dictionary 

= = = = = = = = = = = = = =

Follow my social media:
ğŸ“– Twitter: https://twitter.com/CeciliaLieberia
ğŸ“– Facebook: https://www.fb.com/CeciliaLieberiach
ğŸ“– Instagram: https://www.instagram.com/cecilialieb...
ğŸ“– TikTok: https://www.tiktok.com/@cecilialieberia

Follow my sisters & brother:
ğŸ—¡ï¸ Elaine Celestia : https://www.youtube.com/@ElaineCelestia
ğŸ¹ Reynard Blanc : https://www.youtube.com/@reynardblanc
ğŸ’« Lily Ifeta : https://www.youtube.com/@LilyIfeta
ğŸ€ Chloe Pawapua : https://www.youtube.com/@ChloePawapua
ğŸ’° Marin Goldlock : https://www.youtube.com/@MarinGoldlock
ğŸ¯ Leo Axenos : https://www.youtube.com/@LeoAxenos
â˜    Izanami Chiara : https://www.youtube.com/@IzanamiChiara
ğŸ“ Pinku Rimu : https://www.youtube.com/@PinkuRimu

#Gameplay #CileLive #CeciliaLieberia #Vtuberindo #virtualyoutuber #ãƒãƒ¼ãƒãƒ£ãƒ«YouTuber",https://i.ytimg.com/vi/PsfLBDiOOg8/default.jpg,"rememories,rememories vtuber,chloe pawapua,reynard blanc,lily ifeta,evelyn vtuber,new vtuber,vtuber baru,cecilia lieberia,cecil rememories,Nanashi Mumei,mumei hololive,mumei indonesia,vtuber glasses,chloe,reynard,lily,evelyn,reinly,live2d,vtuber indonesia,anime,vtuber anime,muse indonesia",20,id,12433,FALSE,public,FALSE,3090,468,0,4,"Puzzle_video_game,Video_game_culture",2024-05-23 03:33:13+00:00,,2024-05-23 03:30:00+00:00
2024-05-19 18:10:31+00:00,UC4pEixMozb6UnOtwg5Uew-Q,Cecilia Lieberia Ch.ã€ Re:Memories ã€,MBAK-MBAK JOWO ANTI MBLEDOS!!! w/ @EtnaCrimson,"MBAK-MBAK JOWO ANTI MBLEDOS!!! w/ ETNA CRIMSON (pov below!)

Etna's POV :
https://www.youtube.com/live/4rcBP8nFnPI?si=PVANnq5-Fm24kKoc
= = = = = = = = = = = = = =

ğŸŒ™ Koleksi Merch Official Cecil dan Keluarga Rememe!
https://tokopedia.com/rememories

ğŸŒ™ Hadiah Kecil dari Pencil
https://youtu.be/Y_aXz7eIByM

ğŸŒ™ Re:Colorful Memories
https://youtu.be/QoT9GtwpvQ4

= = = = = = = = = = = = = =

You can support me through here~
ğŸ“– https://trakteer.id/cecilialieberia/tip
ğŸ“– https://streamlabs.com/cecilialieberia
And I will read in on ""Donation Reading"" or ""QnA Stream"" if I miss it :'3

For collaboration and business Inquiries:
ğŸ“– Contact@rememories.id

= = = = = = = = = = = = = =

Ini dia Peraturan di Perpustakaan:
ğŸŒŸ Boleh banget untuk clip dari livestreamku
ğŸŒŸ Gaboleh gelud, OOT, dan spam ya? Maacii~
ğŸŒŸ Gaboleh ngomong kasar sama sekali!
ğŸŒŸ Melanggar = Ku bonk pakai kamus tebalku

Here are The Library Rules:
ğŸŒŸ Feel free to clip from my livestream
ğŸŒŸ No fighting, OOT, and spam please? Thank you~
ğŸŒŸ No bad words at all! 
ğŸŒŸ Break the rules = I'll bonk you with my heavy dictionary 

= = = = = = = = = = = = = =

Follow my social media:
ğŸ“– Twitter: https://twitter.com/CeciliaLieberia
ğŸ“– Facebook: https://www.fb.com/CeciliaLieberiach
ğŸ“– Instagram: https://www.instagram.com/cecilialieb...
ğŸ“– TikTok: https://www.tiktok.com/@cecilialieberia

Follow my sisters & brother:
ğŸ—¡ï¸ Elaine Celestia : https://www.youtube.com/@ElaineCelestia
ğŸ¹ Reynard Blanc : https://www.youtube.com/@reynardblanc
ğŸ’« Lily Ifeta : https://www.youtube.com/@LilyIfeta
ğŸ€ Chloe Pawapua : https://www.youtube.com/@ChloePawapua
ğŸ’° Marin Goldlock : https://www.youtube.com/@MarinGoldlock
ğŸ¯ Leo Axenos : https://www.youtube.com/@LeoAxenos
â˜    Izanami Chiara : https://www.youtube.com/@IzanamiChiara
ğŸ“ Pinku Rimu : https://www.youtube.com/@PinkuRimu

#Gameplay #CileLive #CeciliaLieberia #Vtuberindo #virtualyoutuber #ãƒãƒ¼ãƒãƒ£ãƒ«YouTuber",https://i.ytimg.com/vi/oNwQRUZbSLQ/default.jpg,"rememories,rememories vtuber,chloe pawapua,reynard blanc,lily ifeta,evelyn vtuber,new vtuber,vtuber baru,cecilia lieberia,cecil rememories,Nanashi Mumei,mumei hololive,mumei indonesia,vtuber glasses,chloe,reynard,lily,evelyn,reinly,live2d,vtuber indonesia,anime,vtuber anime,muse indonesia",20,id,6892,TRUE,public,FALSE,3709,493,0,8,"Puzzle_video_game,Video_game_culture",2024-05-19 13:01:11+00:00,,2024-05-19 13:00:00+00:00
2024-05-18 08:42:25+00:00,UC4pEixMozb6UnOtwg5Uew-Q,Cecilia Lieberia Ch.ã€ Re:Memories ã€,freetalk penguji kesabaran,"ğŸŒ™ Alarm Voice pertama Cecil!
https://rememories.id/noicepackcecil

ğŸŒ™ Koleksi Merch Official Cecil dan Keluarga Rememe!
https://tokopedia.com/rememories

ğŸŒ™ Hadiah Kecil dari Pencil
https://youtu.be/Y_aXz7eIByM

= = = = = = = = = = = = = =

You can support me through here~
ğŸ“– https://trakteer.id/cecilialieberia/tip
ğŸ“– https://streamlabs.com/cecilialieberia
And I will read in on ""Donation Reading"" or ""QnA Stream"" if I miss it :'3

For collaboration and business Inquiries:
ğŸ“– Contact@rememories.id

= = = = = = = = = = = = = =

Ini dia Peraturan di Perpustakaan:
ğŸŒŸ Boleh banget untuk clip dari livestreamku
ğŸŒŸ Gaboleh gelud, OOT, dan spam ya? Maacii~
ğŸŒŸ Gaboleh ngomong kasar sama sekali!
ğŸŒŸ Melanggar = Ku bonk pakai kamus tebalku

Here are The Library Rules:
ğŸŒŸ Feel free to clip from my livestream
ğŸŒŸ No fighting, OOT, and spam please? Thank you~
ğŸŒŸ No bad words at all! 
ğŸŒŸ Break the rules = I'll bonk you with my heavy dictionary 

= = = = = = = = = = = = = =

Follow my social media:
ğŸ“– Twitter: https://twitter.com/CeciliaLieberia
ğŸ“– Facebook: https://www.fb.com/CeciliaLieberiach
ğŸ“– Instagram: https://www.instagram.com/cecilialieb...
ğŸ“– TikTok: https://www.tiktok.com/@cecilialieberia

Follow my sisters & brother:
ğŸ—¡ï¸ Elaine Celestia: https://rememories.id/elainecelestia
ğŸ¹ Reynard Blanc: https://rememories.id/reynardblanc
ğŸ’« Lily Ifeta: https://rememories.id/lilyifeta
ğŸ€ Chloe Pawapua: https://rememories.id/chloepawapua

#CileLive #CeciliaLieberia #Vtuberindo #virtualyoutuber #ãƒãƒ¼ãƒãƒ£ãƒ«YouTuber",https://i.ytimg.com/vi/Yc1F_bXTgqU/default.jpg,"rememories,rememories vtuber,chloe pawapua,reynard blanc,lily ifeta,evelyn vtuber,new vtuber,vtuber baru,cecilia lieberia,cecil rememories,Nanashi Mumei,mumei hololive,mumei indonesia,vtuber glasses,chloe,reynard,lily,evelyn,reinly,live2d,vtuber indonesia,anime,vtuber anime,muse indonesia",24,id,6990,FALSE,public,FALSE,3470,555,0,9,,2024-05-18 06:01:19+00:00,,2024-05-18 06:00:00+00:00
2024-05-08 17:36:07+00:00,UC4pEixMozb6UnOtwg5Uew-Q,Cecilia Lieberia Ch.ã€ Re:Memories ã€,jadinya strim karaoke,"ğŸŒ™ Alarm Voice pertama Cecil!
https://rememories.id/noicepackcecil

ğŸŒ™ Koleksi Merch Official Cecil dan Keluarga Rememe!
https://tokopedia.com/rememories

ğŸŒ™ Hadiah Kecil dari Pencil
https://youtu.be/Y_aXz7eIByM

= = = = = = = = = = = = = =

You can support me through here~
ğŸ“– https://trakteer.id/cecilialieberia/tip
ğŸ“– https://streamlabs.com/cecilialieberia
And I will read in on ""Donation Reading"" or ""QnA Stream"" if I miss it :'3

For collaboration and business Inquiries:
ğŸ“– Contact@rememories.id

= = = = = = = = = = = = = =

Ini dia Peraturan di Perpustakaan:
ğŸŒŸ Boleh banget untuk clip dari livestreamku
ğŸŒŸ Gaboleh gelud, OOT, dan spam ya? Maacii~
ğŸŒŸ Gaboleh ngomong kasar sama sekali!
ğŸŒŸ Melanggar = Ku bonk pakai kamus tebalku

Here are The Library Rules:
ğŸŒŸ Feel free to clip from my livestream
ğŸŒŸ No fighting, OOT, and spam please? Thank you~
ğŸŒŸ No bad words at all! 
ğŸŒŸ Break the rules = I'll bonk you with my heavy dictionary 

= = = = = = = = = = = = = =

Follow my social media:
ğŸ“– Twitter: https://twitter.com/CeciliaLieberia
ğŸ“– Facebook: https://www.fb.com/CeciliaLieberiach
ğŸ“– Instagram: https://www.instagram.com/cecilialieb...
ğŸ“– TikTok: https://www.tiktok.com/@cecilialieberia

Follow my sisters & brother:
ğŸ—¡ï¸ Elaine Celestia: https://rememories.id/elainecelestia
ğŸ¹ Reynard Blanc: https://rememories.id/reynardblanc
ğŸ’« Lily Ifeta: https://rememories.id/lilyifeta
ğŸ€ Chloe Pawapua: https://rememories.id/chloepawapua

#CileLive #CeciliaLieberia #Vtuberindo #virtualyoutuber #ãƒãƒ¼ãƒãƒ£ãƒ«YouTuber",https://i.ytimg.com/vi/8MeZJ1kmmuY/default.jpg,"rememories,rememories vtuber,chloe pawapua,reynard blanc,lily ifeta,evelyn vtuber,new vtuber,vtuber baru,cecilia lieberia,cecil rememories,Nanashi Mumei,mumei hololive,mumei indonesia,vtuber glasses,chloe,reynard,lily,evelyn,reinly,live2d,vtuber indonesia,anime,vtuber anime,muse indonesia",24,id,11934,FALSE,public,FALSE,4581,609,0,10,Video_game_culture,2024-05-08 14:05:55+00:00,,2024-05-08 14:05:00+00:00
2024-05-08 14:03:48+00:00,UC4pEixMozb6UnOtwg5Uew-Q,Cecilia Lieberia Ch.ã€ Re:Memories ã€,absen yang kangenn~,"ğŸŒ™ Alarm Voice pertama Cecil!
https://rememories.id/noicepackcecil

ğŸŒ™ Koleksi Merch Official Cecil dan Keluarga Rememe!
https://tokopedia.com/rememories

ğŸŒ™ Hadiah Kecil dari Pencil
https://youtu.be/Y_aXz7eIByM

= = = = = = = = = = = = = =

You can support me through here~
ğŸ“– https://trakteer.id/cecilialieberia/tip
ğŸ“– https://streamlabs.com/cecilialieberia
And I will read in on ""Donation Reading"" or ""QnA Stream"" if I miss it :'3

For collaboration and business Inquiries:
ğŸ“– Contact@rememories.id

= = = = = = = = = = = = = =

Ini dia Peraturan di Perpustakaan:
ğŸŒŸ Boleh banget untuk clip dari livestreamku
ğŸŒŸ Gaboleh gelud, OOT, dan spam ya? Maacii~
ğŸŒŸ Gaboleh ngomong kasar sama sekali!
ğŸŒŸ Melanggar = Ku bonk pakai kamus tebalku

Here are The Library Rules:
ğŸŒŸ Feel free to clip from my livestream
ğŸŒŸ No fighting, OOT, and spam please? Thank you~
ğŸŒŸ No bad words at all! 
ğŸŒŸ Break the rules = I'll bonk you with my heavy dictionary 

= = = = = = = = = = = = = =

Follow my social media:
ğŸ“– Twitter: https://twitter.com/CeciliaLieberia
ğŸ“– Facebook: https://www.fb.com/CeciliaLieberiach
ğŸ“– Instagram: https://www.instagram.com/cecilialieb...
ğŸ“– TikTok: https://www.tiktok.com/@cecilialieberia

Follow my sisters & brother:
ğŸ—¡ï¸ Elaine Celestia: https://rememories.id/elainecelestia
ğŸ¹ Reynard Blanc: https://rememories.id/reynardblanc
ğŸ’« Lily Ifeta: https://rememories.id/lilyifeta
ğŸ€ Chloe Pawapua: https://rememories.id/chloepawapua

#CileLive #CeciliaLieberia #Vtuberindo #virtualyoutuber #ãƒãƒ¼ãƒãƒ£ãƒ«YouTuber",https://i.ytimg.com/vi/hP9w4xZvTAo/default.jpg,"rememories,rememories vtuber,chloe pawapua,reynard blanc,lily ifeta,evelyn vtuber,new vtuber,vtuber baru,cecilia lieberia,cecil rememories,Nanashi Mumei,mumei hololive,mumei indonesia,vtuber glasses,chloe,reynard,lily,evelyn,reinly,live2d,vtuber indonesia,anime,vtuber anime,muse indonesia",24,id,32,TRUE,public,FALSE,681,139,0,9,Video_game_culture,2024-05-08 14:02:22+00:00,,2024-05-08 14:00:00+00:00
2024-04-23 14:26:40+00:00,UC4pEixMozb6UnOtwg5Uew-Q,Cecilia Lieberia Ch.ã€ Re:Memories ã€,tiup lilin?,"ğŸŒ™ Alarm Voice pertama Cecil!
https://rememories.id/noicepackcecil

ğŸŒ™ Koleksi Merch Official Cecil dan Keluarga Rememe!
https://tokopedia.com/rememories

ğŸŒ™ Hadiah Kecil dari Pencil
https://youtu.be/Y_aXz7eIByM

= = = = = = = = = = = = = =

You can support me through here~
ğŸ“– https://trakteer.id/cecilialieberia/tip
ğŸ“– https://streamlabs.com/cecilialieberia
And I will read in on ""Donation Reading"" or ""QnA Stream"" if I miss it :'3

For collaboration and business Inquiries:
ğŸ“– Contact@rememories.id

= = = = = = = = = = = = = =

Ini dia Peraturan di Perpustakaan:
ğŸŒŸ Boleh banget untuk clip dari livestreamku
ğŸŒŸ Gaboleh gelud, OOT, dan spam ya? Maacii~
ğŸŒŸ Gaboleh ngomong kasar sama sekali!
ğŸŒŸ Melanggar = Ku bonk pakai kamus tebalku

Here are The Library Rules:
ğŸŒŸ Feel free to clip from my livestream
ğŸŒŸ No fighting, OOT, and spam please? Thank you~
ğŸŒŸ No bad words at all! 
ğŸŒŸ Break the rules = I'll bonk you with my heavy dictionary 

= = = = = = = = = = = = = =

Follow my social media:
ğŸ“– Twitter: https://twitter.com/CeciliaLieberia
ğŸ“– Facebook: https://www.fb.com/CeciliaLieberiach
ğŸ“– Instagram: https://www.instagram.com/cecilialieb...
ğŸ“– TikTok: https://www.tiktok.com/@cecilialieberia

Follow my sisters & brother:
ğŸ—¡ï¸ Elaine Celestia: https://rememories.id/elainecelestia
ğŸ¹ Reynard Blanc: https://rememories.id/reynardblanc
ğŸ’« Lily Ifeta: https://rememories.id/lilyifeta
ğŸ€ Chloe Pawapua: https://rememories.id/chloepawapua

#CileLive #CeciliaLieberia #Vtuberindo #virtualyoutuber #ãƒãƒ¼ãƒãƒ£ãƒ«YouTuber",https://i.ytimg.com/vi/kv0dU-FuFB8/default.jpg,"rememories,rememories vtuber,chloe pawapua,reynard blanc,lily ifeta,evelyn vtuber,new vtuber,vtuber baru,cecilia lieberia,cecil rememories,Nanashi Mumei,mumei hololive,mumei indonesia,vtuber glasses,chloe,reynard,lily,evelyn,reinly,live2d,vtuber indonesia,anime,vtuber anime,muse indonesia",24,id,3484,FALSE,public,FALSE,3128,458,0,,Lifestyle_(sociology),2024-04-23 13:02:29+00:00,,2024-04-23 13:00:00+00:00
2024-04-20 15:06:37+00:00,UC4pEixMozb6UnOtwg5Uew-Q,Cecilia Lieberia Ch.ã€ Re:Memories ã€,vtuber lupa password,"ğŸŒ™ Alarm Voice pertama Cecil!
https://rememories.id/noicepackcecil

ğŸŒ™ Koleksi Merch Official Cecil dan Keluarga Rememe!
https://tokopedia.com/rememories

ğŸŒ™ Hadiah Kecil dari Pencil
https://youtu.be/Y_aXz7eIByM

= = = = = = = = = = = = = =

You can support me through here~
ğŸ“– https://trakteer.id/cecilialieberia/tip
ğŸ“– https://streamlabs.com/cecilialieberia
And I will read in on ""Donation Reading"" or ""QnA Stream"" if I miss it :'3

For collaboration and business Inquiries:
ğŸ“– Contact@rememories.id

= = = = = = = = = = = = = =

Ini dia Peraturan di Perpustakaan:
ğŸŒŸ Boleh banget untuk clip dari livestreamku
ğŸŒŸ Gaboleh gelud, OOT, dan spam ya? Maacii~
ğŸŒŸ Gaboleh ngomong kasar sama sekali!
ğŸŒŸ Melanggar = Ku bonk pakai kamus tebalku

Here are The Library Rules:
ğŸŒŸ Feel free to clip from my livestream
ğŸŒŸ No fighting, OOT, and spam please? Thank you~
ğŸŒŸ No bad words at all! 
ğŸŒŸ Break the rules = I'll bonk you with my heavy dictionary 

= = = = = = = = = = = = = =

Follow my social media:
ğŸ“– Twitter: https://twitter.com/CeciliaLieberia
ğŸ“– Facebook: https://www.fb.com/CeciliaLieberiach
ğŸ“– Instagram: https://www.instagram.com/cecilialieb...
ğŸ“– TikTok: https://www.tiktok.com/@cecilialieberia

Follow my sisters & brother:
ğŸ—¡ï¸ Elaine Celestia: https://rememories.id/elainecelestia
ğŸ¹ Reynard Blanc: https://rememories.id/reynardblanc
ğŸ’« Lily Ifeta: https://rememories.id/lilyifeta
ğŸ€ Chloe Pawapua: https://rememories.id/chloepawapua

#CileLive #CeciliaLieberia #Vtuberindo #virtualyoutuber #ãƒãƒ¼ãƒãƒ£ãƒ«YouTuber",https://i.ytimg.com/vi/bS4y6EvJ0qQ/default.jpg,"rememories,rememories vtuber,chloe pawapua,reynard blanc,lily ifeta,evelyn vtuber,new vtuber,vtuber baru,cecilia lieberia,cecil rememories,Nanashi Mumei,mumei hololive,mumei indonesia,vtuber glasses,chloe,reynard,lily,evelyn,reinly,live2d,vtuber indonesia,anime,vtuber anime,muse indonesia",24,id,3093,TRUE,public,FALSE,2757,417,0,9,,2024-04-20 13:01:22+00:00,,2024-04-20 13:00:00+00:00
2024-04-16 05:00:18+00:00,UC4pEixMozb6UnOtwg5Uew-Q,Cecilia Lieberia Ch.ã€ Re:Memories ã€,Hot Anime Girl? ğŸ˜‹ #shorts #meme #vtuber,"You can support me through here!~
ğŸ“– https://trakteer.id/cecilialieberia/tip
ğŸ“– https://streamlabs.com/cecilialieberia

For collaboration and business Inquiries:
ğŸ“– Contact@rememories.id

= = = = = = = = = = = = = =

Follow my social media:
ğŸ“– Twitter: https://twitter.com/CeciliaLieberia
ğŸ“– Facebook: https://www.fb.com/CeciliaLieberiach
ğŸ“– Instagram: https://www.instagram.com/cecilialieberia
ğŸ“– TikTok: https://www.tiktok.com/@cecilialieberia

Follow my sisters & brother:
ğŸ—¡ï¸ Elaine Celestia: https://rememories.id/elainecelestia
ğŸ¹ Reynard Blanc: https://rememories.id/reynardblanc
ğŸ’« Lily Ifeta: https://rememories.id/lilyifeta
ğŸ€ Chloe Pawapua: https://rememories.id/chloepawapua

#CileLive #CeciliaLieberia #Vtuberindo #virtualyoutuber #ãƒãƒ¼ãƒãƒ£ãƒ«YouTuber",https://i.ytimg.com/vi/eULe_KkRj3o/default.jpg,"rememories,rememories vtuber,chloe pawapua,reynard blanc,lily ifeta,cecilia lieberia,cecil rememories,Nanashi Mumei,mumei hololive,mumei indonesia,vtuber glasses,chloe,reynard,lily,reinly,live2d,vtuber indonesia,anime,vtuber anime,muse indonesia,loli",24,id,13,TRUE,public,FALSE,2259,360,0,40,"Entertainment,Film",,,
2024-04-12 07:57:15+00:00,UC4pEixMozb6UnOtwg5Uew-Q,Cecilia Lieberia Ch.ã€ Re:Memories ã€,The Last Sebul Bender #shorts #meme,,https://i.ytimg.com/vi/E8-R9NEHQJg/default.jpg,,24,id,21,TRUE,public,FALSE,16396,1090,0,59,"Entertainment,Film",,,
2024-04-07 10:00:05+00:00,UC4pEixMozb6UnOtwg5Uew-Q,Cecilia Lieberia Ch.ã€ Re:Memories ã€,Mbahas PR Marcus (pt. 2) #shorts #meme,Credit : https://www.tiktok.com/@prof.star,https://i.ytimg.com/vi/3QgJxw53XPI/default.jpg,"rememories,rememories vtuber,chloe pawapua,reynard blanc,lily ifeta,cecilia lieberia,cecil rememories,Nanashi Mumei,mumei hololive,mumei indonesia,vtuber glasses,chloe,reynard,lily,reinly,live2d,vtuber indonesia,anime,vtuber anime,muse indonesia,loli",24,id,38,TRUE,public,FALSE,2081,146,0,11,"Entertainment,Film",,,
2024-04-05 10:00:03+00:00,UC4pEixMozb6UnOtwg5Uew-Q,Cecilia Lieberia Ch.ã€ Re:Memories ã€,Mbahas PR Marcus (pt. 1) #shorts #meme,Credit : https://www.tiktok.com/@prof.star,https://i.ytimg.com/vi/2hidPM9JsyI/default.jpg,"rememories,rememories vtuber,chloe pawapua,reynard blanc,lily ifeta,cecilia lieberia,cecil rememories,Nanashi Mumei,mumei hololive,mumei indonesia,vtuber glasses,chloe,reynard,lily,reinly,live2d,vtuber indonesia,anime,vtuber anime,muse indonesia,loli",24,id,43,TRUE,public,FALSE,1258,123,0,12,"Entertainment,Film",,,
2024-04-03 10:00:54+00:00,UC4pEixMozb6UnOtwg5Uew-Q,Cecilia Lieberia Ch.ã€ Re:Memories ã€,Mbahas PR Toddy #shorts #meme,Credit : https://www.tiktok.com/@prof.star,https://i.ytimg.com/vi/uTyTeRiBrqc/default.jpg,"rememories,rememories vtuber,chloe pawapua,reynard blanc,lily ifeta,cecilia lieberia,cecil rememories,Nanashi Mumei,mumei hololive,mumei indonesia,vtuber glasses,chloe,reynard,lily,reinly,live2d,vtuber indonesia,anime,vtuber anime,muse indonesia,loli",24,id,60,TRUE,public,FALSE,1422,130,0,15,"Entertainment,Film",,,
2024-03-30 10:00:36+00:00,UC4pEixMozb6UnOtwg5Uew-Q,Cecilia Lieberia Ch.ã€ Re:Memories ã€,Mbahas PR Alice #shorts #meme,Credit : https://www.tiktok.com/@prof.star,https://i.ytimg.com/vi/iazUtVKxv4U/default.jpg,"rememories,rememories vtuber,chloe pawapua,reynard blanc,lily ifeta,cecilia lieberia,cecil rememories,Nanashi Mumei,mumei hololive,mumei indonesia,vtuber glasses,chloe,reynard,lily,reinly,live2d,vtuber indonesia,anime,vtuber anime,muse indonesia,loli",24,id,60,TRUE,public,FALSE,1267,123,0,10,"Entertainment,Film",,,
2024-03-30 05:03:45+00:00,UC4pEixMozb6UnOtwg5Uew-Q,Cecilia Lieberia Ch.ã€ Re:Memories ã€,FREETALK DAN CALLING PENERIMA BUKU LIEBERIAN! PENTINGG!!!,"ğŸŒ™ Alarm Voice pertama Cecil!
https://rememories.id/noicepackcecil

ğŸŒ™ Koleksi Merch Official Cecil dan Keluarga Rememe!
https://tokopedia.com/rememories

ğŸŒ™ Hadiah Kecil dari Pencil
https://youtu.be/Y_aXz7eIByM

= = = = = = = = = = = = = =

You can support me through here~
ğŸ“– https://trakteer.id/cecilialieberia/tip
ğŸ“– https://streamlabs.com/cecilialieberia
And I will read in on ""Donation Reading"" or ""QnA Stream"" if I miss it :'3

For collaboration and business Inquiries:
ğŸ“– Contact@rememories.id

= = = = = = = = = = = = = =

Ini dia Peraturan di Perpustakaan:
ğŸŒŸ Boleh banget untuk clip dari livestreamku
ğŸŒŸ Gaboleh gelud, OOT, dan spam ya? Maacii~
ğŸŒŸ Gaboleh ngomong kasar sama sekali!
ğŸŒŸ Melanggar = Ku bonk pakai kamus tebalku

Here are The Library Rules:
ğŸŒŸ Feel free to clip from my livestream
ğŸŒŸ No fighting, OOT, and spam please? Thank you~
ğŸŒŸ No bad words at all! 
ğŸŒŸ Break the rules = I'll bonk you with my heavy dictionary 

= = = = = = = = = = = = = =

Follow my social media:
ğŸ“– Twitter: https://twitter.com/CeciliaLieberia
ğŸ“– Facebook: https://www.fb.com/CeciliaLieberiach
ğŸ“– Instagram: https://www.instagram.com/cecilialieb...
ğŸ“– TikTok: https://www.tiktok.com/@cecilialieberia

Follow my sisters & brother:
ğŸ—¡ï¸ Elaine Celestia: https://rememories.id/elainecelestia
ğŸ¹ Reynard Blanc: https://rememories.id/reynardblanc
ğŸ’« Lily Ifeta: https://rememories.id/lilyifeta
ğŸ€ Chloe Pawapua: https://rememories.id/chloepawapua

#CileLive #CeciliaLieberia #Vtuberindo #virtualyoutuber #ãƒãƒ¼ãƒãƒ£ãƒ«YouTuber",https://i.ytimg.com/vi/66L9g2kXSv4/default.jpg,"rememories,rememories vtuber,chloe pawapua,reynard blanc,lily ifeta,evelyn vtuber,new vtuber,vtuber baru,cecilia lieberia,cecil rememories,Nanashi Mumei,mumei hololive,mumei indonesia,vtuber glasses,chloe,reynard,lily,evelyn,reinly,live2d,vtuber indonesia,anime,vtuber anime,muse indonesia",24,id,5057,FALSE,public,FALSE,2463,295,0,10,,2024-03-29 15:16:56+00:00,,2024-03-29 15:15:00+00:00
2024-03-28 21:49:01+00:00,UC4pEixMozb6UnOtwg5Uew-Q,Cecilia Lieberia Ch.ã€ Re:Memories ã€,(BUKAN) STREAM SUBATHON SAMPAI SAHUR,"ğŸŒ™ Alarm Voice pertama Cecil!
https://rememories.id/noicepackcecil

ğŸŒ™ Koleksi Merch Official Cecil dan Keluarga Rememe!
https://tokopedia.com/rememories

ğŸŒ™ Hadiah Kecil dari Pencil
https://youtu.be/Y_aXz7eIByM

= = = = = = = = = = = = = =

You can support me through here~
ğŸ“– https://trakteer.id/cecilialieberia/tip
ğŸ“– https://streamlabs.com/cecilialieberia
And I will read in on ""Donation Reading"" or ""QnA Stream"" if I miss it :'3

For collaboration and business Inquiries:
ğŸ“– Contact@rememories.id

= = = = = = = = = = = = = =

Ini dia Peraturan di Perpustakaan:
ğŸŒŸ Boleh banget untuk clip dari livestreamku
ğŸŒŸ Gaboleh gelud, OOT, dan spam ya? Maacii~
ğŸŒŸ Gaboleh ngomong kasar sama sekali!
ğŸŒŸ Melanggar = Ku bonk pakai kamus tebalku

Here are The Library Rules:
ğŸŒŸ Feel free to clip from my livestream
ğŸŒŸ No fighting, OOT, and spam please? Thank you~
ğŸŒŸ No bad words at all! 
ğŸŒŸ Break the rules = I'll bonk you with my heavy dictionary 

= = = = = = = = = = = = = =

Follow my social media:
ğŸ“– Twitter: https://twitter.com/CeciliaLieberia
ğŸ“– Facebook: https://www.fb.com/CeciliaLieberiach
ğŸ“– Instagram: https://www.instagram.com/cecilialieb...
ğŸ“– TikTok: https://www.tiktok.com/@cecilialieberia

Follow my sisters & brother:
ğŸ—¡ï¸ Elaine Celestia: https://rememories.id/elainecelestia
ğŸ¹ Reynard Blanc: https://rememories.id/reynardblanc
ğŸ’« Lily Ifeta: https://rememories.id/lilyifeta
ğŸ€ Chloe Pawapua: https://rememories.id/chloepawapua

#CileLive #CeciliaLieberia #Vtuberindo #virtualyoutuber #ãƒãƒ¼ãƒãƒ£ãƒ«YouTuber",https://i.ytimg.com/vi/tVOXzpNoUZs/default.jpg,"rememories,rememories vtuber,chloe pawapua,reynard blanc,lily ifeta,evelyn vtuber,new vtuber,vtuber baru,cecilia lieberia,cecil rememories,Nanashi Mumei,mumei hololive,mumei indonesia,vtuber glasses,chloe,reynard,lily,evelyn,reinly,live2d,vtuber indonesia,anime,vtuber anime,muse indonesia",24,id,22305,FALSE,public,FALSE,5545,680,0,11,Video_game_culture,2024-03-28 15:18:26+00:00,,2024-03-28 15:15:00+00:00
2024-03-28 21:48:54+00:00,UC4pEixMozb6UnOtwg5Uew-Q,Cecilia Lieberia Ch.ã€ Re:Memories ã€,PENGUMUMAN PEMENANG BUKU KOLEKSI LIEBERIA~,"ğŸŒ™ Alarm Voice pertama Cecil!
https://rememories.id/noicepackcecil

ğŸŒ™ Koleksi Merch Official Cecil dan Keluarga Rememe!
https://tokopedia.com/rememories

ğŸŒ™ Hadiah Kecil dari Pencil
https://youtu.be/Y_aXz7eIByM

= = = = = = = = = = = = = =

You can support me through here~
ğŸ“– https://trakteer.id/cecilialieberia/tip
ğŸ“– https://streamlabs.com/cecilialieberia
And I will read in on ""Donation Reading"" or ""QnA Stream"" if I miss it :'3

For collaboration and business Inquiries:
ğŸ“– Contact@rememories.id

= = = = = = = = = = = = = =

Ini dia Peraturan di Perpustakaan:
ğŸŒŸ Boleh banget untuk clip dari livestreamku
ğŸŒŸ Gaboleh gelud, OOT, dan spam ya? Maacii~
ğŸŒŸ Gaboleh ngomong kasar sama sekali!
ğŸŒŸ Melanggar = Ku bonk pakai kamus tebalku

Here are The Library Rules:
ğŸŒŸ Feel free to clip from my livestream
ğŸŒŸ No fighting, OOT, and spam please? Thank you~
ğŸŒŸ No bad words at all! 
ğŸŒŸ Break the rules = I'll bonk you with my heavy dictionary 

= = = = = = = = = = = = = =

Follow my social media:
ğŸ“– Twitter: https://twitter.com/CeciliaLieberia
ğŸ“– Facebook: https://www.fb.com/CeciliaLieberiach
ğŸ“– Instagram: https://www.instagram.com/cecilialieb...
ğŸ“– TikTok: https://www.tiktok.com/@cecilialieberia

Follow my sisters & brother:
ğŸ—¡ï¸ Elaine Celestia: https://rememories.id/elainecelestia
ğŸ¹ Reynard Blanc: https://rememories.id/reynardblanc
ğŸ’« Lily Ifeta: https://rememories.id/lilyifeta
ğŸ€ Chloe Pawapua: https://rememories.id/chloepawapua

#CileLive #CeciliaLieberia #Vtuberindo #virtualyoutuber #ãƒãƒ¼ãƒãƒ£ãƒ«YouTuber",https://i.ytimg.com/vi/rQNz6NXgaZM/default.jpg,"rememories,rememories vtuber,chloe pawapua,reynard blanc,lily ifeta,evelyn vtuber,new vtuber,vtuber baru,cecilia lieberia,cecil rememories,Nanashi Mumei,mumei hololive,mumei indonesia,vtuber glasses,chloe,reynard,lily,evelyn,reinly,live2d,vtuber indonesia,anime,vtuber anime,muse indonesia",24,id,3423,TRUE,public,FALSE,1271,231,0,5,Video_game_culture,2024-03-28 14:01:55+00:00,,2024-03-28 14:00:00+00:00
2024-03-27 16:40:31+00:00,UC4pEixMozb6UnOtwg5Uew-Q,Cecilia Lieberia Ch.ã€ Re:Memories ã€,MENCICIL GAME HORROR STEAM,"ğŸŒ™ Alarm Voice pertama Cecil!
https://rememories.id/noicepackcecil

ğŸŒ™ Koleksi Merch Official Cecil dan Keluarga Rememe!
https://tokopedia.com/rememories

ğŸŒ™ Hadiah Kecil dari Pencil
https://youtu.be/Y_aXz7eIByM

= = = = = = = = = = = = = =

You can support me through here~
ğŸ“– https://trakteer.id/cecilialieberia/tip
ğŸ“– https://streamlabs.com/cecilialieberia
And I will read in on ""Donation Reading"" or ""QnA Stream"" if I miss it :'3

For collaboration and business Inquiries:
ğŸ“– Contact@rememories.id

= = = = = = = = = = = = = =

Ini dia Peraturan di Perpustakaan:
ğŸŒŸ Boleh banget untuk clip dari livestreamku
ğŸŒŸ Gaboleh gelud, OOT, dan spam ya? Maacii~
ğŸŒŸ Gaboleh ngomong kasar sama sekali!
ğŸŒŸ Melanggar = Ku bonk pakai kamus tebalku

Here are The Library Rules:
ğŸŒŸ Feel free to clip from my livestream
ğŸŒŸ No fighting, OOT, and spam please? Thank you~
ğŸŒŸ No bad words at all! 
ğŸŒŸ Break the rules = I'll bonk you with my heavy dictionary 

= = = = = = = = = = = = = =

Follow my social media:
ğŸ“– Twitter: https://twitter.com/CeciliaLieberia
ğŸ“– Facebook: https://www.fb.com/CeciliaLieberiach
ğŸ“– Instagram: https://www.instagram.com/cecilialieb...
ğŸ“– TikTok: https://www.tiktok.com/@cecilialieberia

Follow my sisters & brother:
ğŸ—¡ï¸ Elaine Celestia: https://rememories.id/elainecelestia
ğŸ¹ Reynard Blanc: https://rememories.id/reynardblanc
ğŸ’« Lily Ifeta: https://rememories.id/lilyifeta
ğŸ€ Chloe Pawapua: https://rememories.id/chloepawapua

#Gameplay #CileLive #CeciliaLieberia #Vtuberindo #virtualyoutuber #ãƒãƒ¼ãƒãƒ£ãƒ«YouTuber",https://i.ytimg.com/vi/Ex0qEjNO16k/default.jpg,"rememories,rememories vtuber,chloe pawapua,reynard blanc,lily ifeta,evelyn vtuber,new vtuber,vtuber baru,cecilia lieberia,cecil rememories,Nanashi Mumei,mumei hololive,mumei indonesia,vtuber glasses,chloe,reynard,lily,evelyn,reinly,live2d,vtuber indonesia,anime,vtuber anime,muse indonesia",24,id,6494,FALSE,public,FALSE,1908,307,0,4,"Action-adventure_game,Role-playing_video_game,Video_game_culture",2024-03-27 14:01:50+00:00,,2024-03-27 14:00:00+00:00
2024-03-26 14:41:21+00:00,UC4pEixMozb6UnOtwg5Uew-Q,Cecilia Lieberia Ch.ã€ Re:Memories ã€,MENCARI NAFKAH DI BULAN BERKAH,"Dengan @HeraGaraleaCh @MinervaRosaline @KariSharl  

= = = = = = = = = = = = = =

ğŸŒ™ Koleksi Merch Official Cecil dan Keluarga Rememe!
https://tokopedia.com/rememories

ğŸŒ™ Hadiah Kecil dari Pencil
https://youtu.be/Y_aXz7eIByM

ğŸŒ™ Re:Colorful Memories
https://youtu.be/QoT9GtwpvQ4

= = = = = = = = = = = = = =

You can support me through here~
ğŸ“– https://trakteer.id/cecilialieberia/tip
ğŸ“– https://streamlabs.com/cecilialieberia
And I will read in on ""Donation Reading"" or ""QnA Stream"" if I miss it :'3

For collaboration and business Inquiries:
ğŸ“– Contact@rememories.id

= = = = = = = = = = = = = =

Ini dia Peraturan di Perpustakaan:
ğŸŒŸ Boleh banget untuk clip dari livestreamku
ğŸŒŸ Gaboleh gelud, OOT, dan spam ya? Maacii~
ğŸŒŸ Gaboleh ngomong kasar sama sekali!
ğŸŒŸ Melanggar = Ku bonk pakai kamus tebalku

Here are The Library Rules:
ğŸŒŸ Feel free to clip from my livestream
ğŸŒŸ No fighting, OOT, and spam please? Thank you~
ğŸŒŸ No bad words at all! 
ğŸŒŸ Break the rules = I'll bonk you with my heavy dictionary 

= = = = = = = = = = = = = =

Follow my social media:
ğŸ“– Twitter: https://twitter.com/CeciliaLieberia
ğŸ“– Facebook: https://www.fb.com/CeciliaLieberiach
ğŸ“– Instagram: https://www.instagram.com/cecilialieb...
ğŸ“– TikTok: https://www.tiktok.com/@cecilialieberia

Follow my sisters & brother:
ğŸ—¡ï¸ Elaine Celestia: https://rememories.id/elainecelestia
ğŸ¹ Reynard Blanc: https://rememories.id/reynardblanc
ğŸ’« Lily Ifeta: https://rememories.id/lilyifeta
ğŸ€ Chloe Pawapua: https://rememories.id/chloepawapua

Credit
- Livechat by Maru ãƒãƒ« (https://twitter.com/maruu_snk)
- BGM by Filipus Wisnumurti (https://twitter.com/wisnufilipus123)

#Karaoke #CileLive #CeciliaLieberia #Vtuberindo #virtualyoutuber #ãƒãƒ¼ãƒãƒ£ãƒ«YouTuber",https://i.ytimg.com/vi/qTdXaQh8IXM/default.jpg,"rememories,rememories vtuber,chloe pawapua,reynard blanc,lily ifeta,evelyn vtuber,new vtuber,vtuber baru,cecilia lieberia,cecil rememories,Nanashi Mumei,mumei hololive,mumei indonesia,vtuber glasses,chloe,reynard,lily,evelyn,reinly,live2d,vtuber indonesia,anime,vtuber anime,muse indonesia",24,id,1277,TRUE,public,FALSE,1586,238,0,8,"Action-adventure_game,Role-playing_video_game,Video_game_culture",2024-03-26 14:05:35+00:00,,2024-03-26 14:00:00+00:00
2024-03-25 16:32:15+00:00,UC4pEixMozb6UnOtwg5Uew-Q,Cecilia Lieberia Ch.ã€ Re:Memories ã€,AYO BANGUN!!! SAHUR BARENG ANIMEH,"ğŸŒ™ Alarm Voice pertama Cecil!
https://rememories.id/noicepackcecil

ğŸŒ™ Koleksi Merch Official Cecil dan Keluarga Rememe!
https://tokopedia.com/rememories

= = = = = = = = = = = = = =

You can support me through here~
ğŸ“– https://trakteer.id/cecilialieberia/tip
ğŸ“– https://streamlabs.com/cecilialieberia
And I will read in on ""Donation Reading"" or ""QnA Stream"" if I miss it :'3

For collaboration and business Inquiries:
ğŸ“– Contact@rememories.id

= = = = = = = = = = = = = =

Ini dia Peraturan di Perpustakaan:
ğŸŒŸ Boleh banget untuk clip dari livestreamku
ğŸŒŸ Gaboleh gelud, OOT, dan spam ya? Maacii~
ğŸŒŸ Gaboleh ngomong kasar sama sekali!
ğŸŒŸ Melanggar = Ku bonk pakai kamus tebalku

Here are The Library Rules:
ğŸŒŸ Feel free to clip from my livestream
ğŸŒŸ No fighting, OOT, and spam please? Thank you~
ğŸŒŸ No bad words at all! 
ğŸŒŸ Break the rules = I'll bonk you with my heavy dictionary 

= = = = = = = = = = = = = =

Follow my social media:
ğŸ“– Twitter: https://twitter.com/CeciliaLieberia
ğŸ“– Facebook: https://www.fb.com/CeciliaLieberiach
ğŸ“– Instagram: https://www.instagram.com/cecilialieb...
ğŸ“– TikTok: https://www.tiktok.com/@cecilialieberia

Follow my sisters & brother:
ğŸ—¡ï¸ Elaine Celestia: https://rememories.id/elainecelestia
ğŸ¹ Reynard Blanc: https://rememories.id/reynardblanc
ğŸ’« Lily Ifeta: https://rememories.id/lilyifeta
ğŸ€ Chloe Pawapua: https://rememories.id/chloepawapua

#CileLive #CeciliaLieberia #Vtuberindo #virtualyoutuber #ãƒãƒ¼ãƒãƒ£ãƒ«YouTuber",https://i.ytimg.com/vi/Up5ywFt3YIE/default.jpg,"rememories,rememories vtuber,chloe pawapua,reynard blanc,lily ifeta,evelyn vtuber,new vtuber,vtuber baru,cecilia lieberia,cecil rememories,Nanashi Mumei,mumei hololive,mumei indonesia,vtuber glasses,chloe,reynard,lily,evelyn,reinly,live2d,vtuber indonesia,anime,vtuber anime,muse indonesia",24,id,1771,TRUE,public,FALSE,2033,301,0,23,,2024-03-22 19:31:19+00:00,,2024-03-22 19:30:00+00:00
2024-03-25 16:29:23+00:00,UC4pEixMozb6UnOtwg5Uew-Q,Cecilia Lieberia Ch.ã€ Re:Memories ã€,PENGUMUMAN BESAR DARI CECIL YANG KECIL,"ğŸŒ™ Alarm Voice pertama Cecil!
https://rememories.id/noicepackcecil

ğŸŒ™ Koleksi Merch Official Cecil dan Keluarga Rememe!
https://tokopedia.com/rememories

= = = = = = = = = = = = = =

You can support me through here~
ğŸ“– https://trakteer.id/cecilialieberia/tip
ğŸ“– https://streamlabs.com/cecilialieberia
And I will read in on ""Donation Reading"" or ""QnA Stream"" if I miss it :'3

For collaboration and business Inquiries:
ğŸ“– Contact@rememories.id

= = = = = = = = = = = = = =

Ini dia Peraturan di Perpustakaan:
ğŸŒŸ Boleh banget untuk clip dari livestreamku
ğŸŒŸ Gaboleh gelud, OOT, dan spam ya? Maacii~
ğŸŒŸ Gaboleh ngomong kasar sama sekali!
ğŸŒŸ Melanggar = Ku bonk pakai kamus tebalku

Here are The Library Rules:
ğŸŒŸ Feel free to clip from my livestream
ğŸŒŸ No fighting, OOT, and spam please? Thank you~
ğŸŒŸ No bad words at all! 
ğŸŒŸ Break the rules = I'll bonk you with my heavy dictionary 

= = = = = = = = = = = = = =

Follow my social media:
ğŸ“– Twitter: https://twitter.com/CeciliaLieberia
ğŸ“– Facebook: https://www.fb.com/CeciliaLieberiach
ğŸ“– Instagram: https://www.instagram.com/cecilialieb...
ğŸ“– TikTok: https://www.tiktok.com/@cecilialieberia

Follow my sisters & brother:
ğŸ—¡ï¸ Elaine Celestia: https://rememories.id/elainecelestia
ğŸ¹ Reynard Blanc: https://rememories.id/reynardblanc
ğŸ’« Lily Ifeta: https://rememories.id/lilyifeta
ğŸ€ Chloe Pawapua: https://rememories.id/chloepawapua

#CileLive #CeciliaLieberia #Vtuberindo #virtualyoutuber #ãƒãƒ¼ãƒãƒ£ãƒ«YouTuber",https://i.ytimg.com/vi/JhAySKrUyyk/default.jpg,"rememories,rememories vtuber,chloe pawapua,reynard blanc,lily ifeta,evelyn vtuber,new vtuber,vtuber baru,cecilia lieberia,cecil rememories,Nanashi Mumei,mumei hololive,mumei indonesia,vtuber glasses,chloe,reynard,lily,evelyn,reinly,live2d,vtuber indonesia,anime,vtuber anime,muse indonesia",24,id,6285,TRUE,public,FALSE,2851,452,0,5,Video_game_culture,2024-03-25 14:05:28+00:00,,2024-03-25 14:00:00+00:00
2024-03-25 10:00:59+00:00,UC4pEixMozb6UnOtwg5Uew-Q,Cecilia Lieberia Ch.ã€ Re:Memories ã€,Mbahas PR Moose #shorts #meme,Credit : https://www.tiktok.com/@prof.star,https://i.ytimg.com/vi/x6SpKyIPpbU/default.jpg,"rememories,rememories vtuber,chloe pawapua,reynard blanc,lily ifeta,cecilia lieberia,cecil rememories,Nanashi Mumei,mumei hololive,mumei indonesia,vtuber glasses,chloe,reynard,lily,reinly,live2d,vtuber indonesia,anime,vtuber anime,muse indonesia,loli",24,id,60,TRUE,public,FALSE,1282,116,0,12,Entertainment,,,
2024-03-23 10:00:07+00:00,UC4pEixMozb6UnOtwg5Uew-Q,Cecilia Lieberia Ch.ã€ Re:Memories ã€,Mbahas PR Jules #shorts #school #correction,Credit : https://www.tiktok.com/@prof.star,https://i.ytimg.com/vi/AU608gzdxFM/default.jpg,"rememories,rememories vtuber,chloe pawapua,reynard blanc,lily ifeta,cecilia lieberia,cecil rememories,Nanashi Mumei,mumei hololive,mumei indonesia,vtuber glasses,chloe,reynard,lily,reinly,live2d,vtuber indonesia,anime,vtuber anime,muse indonesia,loli",24,id,60,TRUE,public,FALSE,1034,113,0,8,"Entertainment,Film",,,
2024-03-21 10:00:08+00:00,UC4pEixMozb6UnOtwg5Uew-Q,Cecilia Lieberia Ch.ã€ Re:Memories ã€,Mbahas PR Mark #shorts #school #correction,Credit : https://www.tiktok.com/@prof.star,https://i.ytimg.com/vi/7dJPqQ39sMk/default.jpg,"rememories,rememories vtuber,chloe pawapua,reynard blanc,lily ifeta,cecilia lieberia,cecil rememories,Nanashi Mumei,mumei hololive,mumei indonesia,vtuber glasses,chloe,reynard,lily,reinly,live2d,vtuber indonesia,anime,vtuber anime,muse indonesia,loli",24,id,60,TRUE,public,FALSE,1007,111,0,9,Entertainment,,,
2024-03-21 04:03:42+00:00,UC4pEixMozb6UnOtwg5Uew-Q,Cecilia Lieberia Ch.ã€ Re:Memories ã€,BONDING FAMILY FRENLY FIRE BERSAMA MAMA RUWIII!!!,"ğŸŒ™ Alarm Voice pertama Cecil!
https://rememories.id/noicepackcecil

ğŸŒ™ Koleksi Merch Official Cecil dan Keluarga Rememe!
https://tokopedia.com/rememories

= = = = = = = = = = = = = =

You can support me through here~
ğŸ“– https://trakteer.id/cecilialieberia/tip
ğŸ“– https://streamlabs.com/cecilialieberia
And I will read in on ""Donation Reading"" or ""QnA Stream"" if I miss it :'3

For collaboration and business Inquiries:
ğŸ“– Contact@rememories.id

= = = = = = = = = = = = = =

Ini dia Peraturan di Perpustakaan:
ğŸŒŸ Gaboleh gelud, OOT, dan spam ya? Maacii~
ğŸŒŸ Gaboleh ngomong kasar sama sekali!
ğŸŒŸ Melanggar = Ku bonk pakai kamus tebalku

Here are The Library Rules:
ğŸŒŸ No fighting, OOT, and spam please? Thank you~
ğŸŒŸ No bad words at all! 
ğŸŒŸ Break the rules = I'll bonk you with my heavy dictionary 

= = = = = = = = = = = = = =

Follow my social media:
ğŸ“– Twitter: https://twitter.com/CeciliaLieberia
ğŸ“– Facebook: https://www.fb.com/CeciliaLieberiach
ğŸ“– Instagram: https://www.instagram.com/cecilialieberia/
ğŸ“– TikTok: https://www.tiktok.com/@cecilialieberia

Follow my sisters & brother:
ğŸ—¡ï¸ Elaine Celestia: https://rememories.id/elainecelestia
ğŸ¹ Reynard Blanc: https://rememories.id/reynardblanc
ğŸ’« Lily Ifeta: https://rememories.id/lilyifeta
ğŸ€ Chloe Pawapua: https://rememories.id/chloepawapua

#Drawing #CileLive #CeciliaLieberia #Vtuberindo #virtualyoutuber #ãƒãƒ¼ãƒãƒ£ãƒ«YouTuber",https://i.ytimg.com/vi/Rxu5siR80s8/default.jpg,"rememories,rememories vtuber,chloe pawapua,reynard blanc,lily ifeta,evelyn vtuber,new vtuber,vtuber baru,cecilia lieberia,cecil rememories,Nanashi Mumei,mumei hololive,mumei indonesia,vtuber glasses,chloe,reynard,lily,evelyn,live2d,vtuber indonesia,anime,vtuber anime,muse indonesia,vtuber debut,vtuber debut live streaming,vtuber debut live,cecilia rememories,cecil,donation read,after debut,vtuber 10k subscriber,vtuber 10ribu sub",24,id,5018,TRUE,public,FALSE,1382,229,0,5,"Puzzle_video_game,Video_game_culture",2024-03-20 14:02:00+00:00,,2024-03-20 14:00:00+00:00
2024-03-19 15:18:32+00:00,UC4pEixMozb6UnOtwg5Uew-Q,Cecilia Lieberia Ch.ã€ Re:Memories ã€,REVIEW MEME EDISI RAMADHAN w/ @RenaAnggraeni #shorts,"REVIEW MEME EDISI RAMADHAN w/ @RenaAnggraeni 

= = = = = = = = = = = = = =

ğŸŒ™ Koleksi Merch Official Cecil dan Keluarga Rememe!
https://tokopedia.com/rememories

= = = = = = = = = = = = = =

You can support me through here~
ğŸ“– https://trakteer.id/cecilialieberia/tip
ğŸ“– https://streamlabs.com/cecilialieberia
And I will read in on ""Donation Reading"" or ""QnA Stream"" if I miss it :'3

For collaboration and business Inquiries:
ğŸ“– Contact@rememories.id

= = = = = = = = = = = = = =

Ini dia Peraturan di Perpustakaan:
ğŸŒŸ Gaboleh gelud, OOT, dan spam ya? Maacii~
ğŸŒŸ Gaboleh ngomong kasar sama sekali!
ğŸŒŸ Melanggar = Ku bonk pakai kamus tebalku

Here are The Library Rules:
ğŸŒŸ No fighting, OOT, and spam please? Thank you~
ğŸŒŸ No bad words at all! 
ğŸŒŸ Break the rules = I'll bonk you with my heavy dictionary 

= = = = = = = = = = = = = =

Follow my social media:
ğŸ“– Twitter: https://twitter.com/CeciliaLieberia
ğŸ“– Facebook: https://www.fb.com/CeciliaLieberiach
ğŸ“– Instagram: https://www.instagram.com/cecilialieberia/
ğŸ“– TikTok: https://www.tiktok.com/@cecilialieberia

Follow my sisters & brother:
ğŸ—¡ï¸ Elaine Celestia: https://rememories.id/elainecelestia
ğŸ¹ Reynard Blanc: https://rememories.id/reynardblanc
ğŸ’« Lily Ifeta: https://rememories.id/lilyifeta
ğŸ€ Chloe Pawapua: https://rememories.id/chloepawapua

#Review #CileLive #CeciliaLieberia #Vtuberindo #virtualyoutuber #ãƒãƒ¼ãƒãƒ£ãƒ«YouTuber",https://i.ytimg.com/vi/6sb1NSGAFmM/default.jpg,"rememories,rememories vtuber,chloe pawapua,reynard blanc,lily ifeta,evelyn vtuber,new vtuber,vtuber baru,cecilia lieberia,cecil rememories,Nanashi Mumei,mumei hololive,mumei indonesia,vtuber glasses,chloe,reynard,lily,evelyn,live2d,vtuber indonesia,anime,vtuber anime,muse indonesia,vtuber debut,vtuber debut live streaming,vtuber debut live,cecilia rememories,cecil,donation read,after debut,vtuber 10k subscriber,vtuber 10ribu sub",24,id,4059,TRUE,public,FALSE,2165,253,0,5,Entertainment,2024-03-19 14:02:40+00:00,,2024-03-19 14:00:00+00:00
2024-03-16 10:00:41+00:00,UC4pEixMozb6UnOtwg5Uew-Q,Cecilia Lieberia Ch.ã€ Re:Memories ã€,Mbahas PR Pudel #shorts #school #correction,Credit : https://www.tiktok.com/@prof.star,https://i.ytimg.com/vi/kNCcsqhvMnw/default.jpg,"rememories,rememories vtuber,chloe pawapua,reynard blanc,lily ifeta,cecilia lieberia,cecil rememories,Nanashi Mumei,mumei hololive,mumei indonesia,vtuber glasses,chloe,reynard,lily,reinly,live2d,vtuber indonesia,anime,vtuber anime,muse indonesia,loli",24,id,60,TRUE,public,FALSE,1271,128,0,11,"Entertainment,Film",,,
2024-03-14 10:00:49+00:00,UC4pEixMozb6UnOtwg5Uew-Q,Cecilia Lieberia Ch.ã€ Re:Memories ã€,Mbahas PR Josh #shorts #school #correction,Credit : https://www.tiktok.com/@prof.star,https://i.ytimg.com/vi/tOnPvKLCw9k/default.jpg,"rememories,rememories vtuber,chloe pawapua,reynard blanc,lily ifeta,cecilia lieberia,cecil rememories,Nanashi Mumei,mumei hololive,mumei indonesia,vtuber glasses,chloe,reynard,lily,reinly,live2d,vtuber indonesia,anime,vtuber anime,muse indonesia,loli",24,id,60,TRUE,public,FALSE,1241,125,0,12,"Entertainment,Film",,,
2024-03-13 11:16:12+00:00,UC4pEixMozb6UnOtwg5Uew-Q,Cecilia Lieberia Ch.ã€ Re:Memories ã€,ã€ GABUBURIT ã€‘MENJADI BUNDA YANG...!!!,"ã€ GABUBURIT ã€‘MENJADI BUNDA YANG...!!!

= = = = = = = = = = = = = =

ğŸŒ™ Koleksi Merch Official Cecil dan Keluarga Rememe!
https://tokopedia.com/rememories

ğŸŒ™ Hadiah Kecil dari Pencil
https://youtu.be/Y_aXz7eIByM

ğŸŒ™ Re:Colorful Memories
https://youtu.be/QoT9GtwpvQ4

= = = = = = = = = = = = = =

You can support me through here~
ğŸ“– https://trakteer.id/cecilialieberia/tip
ğŸ“– https://streamlabs.com/cecilialieberia
And I will read in on ""Donation Reading"" or ""QnA Stream"" if I miss it :'3

For collaboration and business Inquiries:
ğŸ“– Contact@rememories.id

= = = = = = = = = = = = = =

Ini dia Peraturan di Perpustakaan:
ğŸŒŸ Boleh banget untuk clip dari livestreamku
ğŸŒŸ Gaboleh gelud, OOT, dan spam ya? Maacii~
ğŸŒŸ Gaboleh ngomong kasar sama sekali!
ğŸŒŸ Melanggar = Ku bonk pakai kamus tebalku

Here are The Library Rules:
ğŸŒŸ Feel free to clip from my livestream
ğŸŒŸ No fighting, OOT, and spam please? Thank you~
ğŸŒŸ No bad words at all! 
ğŸŒŸ Break the rules = I'll bonk you with my heavy dictionary 

= = = = = = = = = = = = = =

Follow my social media:
ğŸ“– Twitter: https://twitter.com/CeciliaLieberia
ğŸ“– Facebook: https://www.fb.com/CeciliaLieberiach
ğŸ“– Instagram: https://www.instagram.com/cecilialieb...
ğŸ“– TikTok: https://www.tiktok.com/@cecilialieberia

Follow my sisters & brother:
ğŸ—¡ï¸ Elaine Celestia: https://rememories.id/elainecelestia
ğŸ¹ Reynard Blanc: https://rememories.id/reynardblanc
ğŸ’« Lily Ifeta: https://rememories.id/lilyifeta
ğŸ€ Chloe Pawapua: https://rememories.id/chloepawapua

#Ngabuburit #CileLive #CeciliaLieberia #Vtuberindo #virtualyoutuber #ãƒãƒ¼ãƒãƒ£ãƒ«YouTuber",https://i.ytimg.com/vi/wdnHgI15ByQ/default.jpg,"rememories,rememories vtuber,chloe pawapua,reynard blanc,lily ifeta,evelyn vtuber,new vtuber,vtuber baru,cecilia lieberia,cecil rememories,Nanashi Mumei,mumei hololive,mumei indonesia,vtuber glasses,chloe,reynard,lily,evelyn,reinly,live2d,vtuber indonesia,anime,vtuber anime,muse indonesia",24,id,2775,TRUE,public,FALSE,1788,310,0,6,Video_game_culture,2024-03-13 10:16:39+00:00,,2024-03-13 10:15:00+00:00
2024-03-12 11:11:59+00:00,UC4pEixMozb6UnOtwg5Uew-Q,Cecilia Lieberia Ch.ã€ Re:Memories ã€,ã€ GABUBURIT ã€‘KERJA SAMPINGAN : OJOLIA!!!,"ã€ GABUBURIT ã€‘KERJA SAMPINGAN OJO-LIA!!!

= = = = = = = = = = = = = =

ğŸŒ™ Koleksi Merch Official Cecil dan Keluarga Rememe!
https://tokopedia.com/rememories

ğŸŒ™ Hadiah Kecil dari Pencil
https://youtu.be/Y_aXz7eIByM

ğŸŒ™ Re:Colorful Memories
https://youtu.be/QoT9GtwpvQ4

= = = = = = = = = = = = = =

You can support me through here~
ğŸ“– https://trakteer.id/cecilialieberia/tip
ğŸ“– https://streamlabs.com/cecilialieberia
And I will read in on ""Donation Reading"" or ""QnA Stream"" if I miss it :'3

For collaboration and business Inquiries:
ğŸ“– Contact@rememories.id

= = = = = = = = = = = = = =

Ini dia Peraturan di Perpustakaan:
ğŸŒŸ Boleh banget untuk clip dari livestreamku
ğŸŒŸ Gaboleh gelud, OOT, dan spam ya? Maacii~
ğŸŒŸ Gaboleh ngomong kasar sama sekali!
ğŸŒŸ Melanggar = Ku bonk pakai kamus tebalku

Here are The Library Rules:
ğŸŒŸ Feel free to clip from my livestream
ğŸŒŸ No fighting, OOT, and spam please? Thank you~
ğŸŒŸ No bad words at all! 
ğŸŒŸ Break the rules = I'll bonk you with my heavy dictionary 

= = = = = = = = = = = = = =

Follow my social media:
ğŸ“– Twitter: https://twitter.com/CeciliaLieberia
ğŸ“– Facebook: https://www.fb.com/CeciliaLieberiach
ğŸ“– Instagram: https://www.instagram.com/cecilialieb...
ğŸ“– TikTok: https://www.tiktok.com/@cecilialieberia

Follow my sisters & brother:
ğŸ—¡ï¸ Elaine Celestia: https://rememories.id/elainecelestia
ğŸ¹ Reynard Blanc: https://rememories.id/reynardblanc
ğŸ’« Lily Ifeta: https://rememories.id/lilyifeta
ğŸ€ Chloe Pawapua: https://rememories.id/chloepawapua

#Ngabuburit #CileLive #CeciliaLieberia #Vtuberindo #virtualyoutuber #ãƒãƒ¼ãƒãƒ£ãƒ«YouTuber",https://i.ytimg.com/vi/nbS7zN4X-P0/default.jpg,"rememories,rememories vtuber,chloe pawapua,reynard blanc,lily ifeta,evelyn vtuber,new vtuber,vtuber baru,cecilia lieberia,cecil rememories,Nanashi Mumei,mumei hololive,mumei indonesia,vtuber glasses,chloe,reynard,lily,evelyn,reinly,live2d,vtuber indonesia,anime,vtuber anime,muse indonesia",24,id,2759,FALSE,public,FALSE,2060,362,0,8,Video_game_culture,2024-03-12 10:16:44+00:00,,2024-03-12 10:15:00+00:00
2024-03-11 23:22:51+00:00,UC4pEixMozb6UnOtwg5Uew-Q,Cecilia Lieberia Ch.ã€ Re:Memories ã€,ã€ CECIL VOICE OVER ã€‘OPEN KOMIS SUARA CHIBEK DAN MBAK GUGEL!!,"ã€ CECIL VOICE OVER ã€‘OPEN KOMIS SUARA CHIBEK DAN MBAK GUGEL!!

= = = = = = = = = = = = = =

ğŸŒ™ Koleksi Merch Official Cecil dan Keluarga Rememe!
https://tokopedia.com/rememories

ğŸŒ™ Hadiah Kecil dari Pencil
https://youtu.be/Y_aXz7eIByM

ğŸŒ™ Re:Colorful Memories
https://youtu.be/QoT9GtwpvQ4

= = = = = = = = = = = = = =

You can support me through here~
ğŸ“– https://trakteer.id/cecilialieberia/tip
ğŸ“– https://streamlabs.com/cecilialieberia
And I will read in on ""Donation Reading"" or ""QnA Stream"" if I miss it :'3

For collaboration and business Inquiries:
ğŸ“– Contact@rememories.id

= = = = = = = = = = = = = =

Ini dia Peraturan di Perpustakaan:
ğŸŒŸ Boleh banget untuk clip dari livestreamku
ğŸŒŸ Gaboleh gelud, OOT, dan spam ya? Maacii~
ğŸŒŸ Gaboleh ngomong kasar sama sekali!
ğŸŒŸ Melanggar = Ku bonk pakai kamus tebalku

Here are The Library Rules:
ğŸŒŸ Feel free to clip from my livestream
ğŸŒŸ No fighting, OOT, and spam please? Thank you~
ğŸŒŸ No bad words at all! 
ğŸŒŸ Break the rules = I'll bonk you with my heavy dictionary 

= = = = = = = = = = = = = =

Follow my social media:
ğŸ“– Twitter: https://twitter.com/CeciliaLieberia
ğŸ“– Facebook: https://www.fb.com/CeciliaLieberiach
ğŸ“– Instagram: https://www.instagram.com/cecilialieb...
ğŸ“– TikTok: https://www.tiktok.com/@cecilialieberia

Follow my sisters & brother:
ğŸ—¡ï¸ Elaine Celestia: https://rememories.id/elainecelestia
ğŸ¹ Reynard Blanc: https://rememories.id/reynardblanc
ğŸ’« Lily Ifeta: https://rememories.id/lilyifeta
ğŸ€ Chloe Pawapua: https://rememories.id/chloepawapua

Credit
- https://ko-fi.com/s/0c77f2b614

#valorant #CileLive #CeciliaLieberia #Vtuberindo #virtualyoutuber #ãƒãƒ¼ãƒãƒ£ãƒ«YouTuber",https://i.ytimg.com/vi/E1zNB8H4YHM/default.jpg,"rememories,rememories vtuber,chloe pawapua,reynard blanc,lily ifeta,evelyn vtuber,new vtuber,vtuber baru,cecilia lieberia,cecil rememories,Nanashi Mumei,mumei hololive,mumei indonesia,vtuber glasses,chloe,reynard,lily,evelyn,reinly,live2d,vtuber indonesia,anime,vtuber anime,muse indonesia",24,id,3056,FALSE,public,FALSE,1658,311,0,11,Video_game_culture,2024-03-11 10:16:03+00:00,,2024-03-11 10:15:00+00:00
2024-03-11 10:00:25+00:00,UC4pEixMozb6UnOtwg5Uew-Q,Cecilia Lieberia Ch.ã€ Re:Memories ã€,Mbahas PR Julien #shorts #school #correction,Credit : https://www.tiktok.com/@prof.star,https://i.ytimg.com/vi/NPYhBIjSR4A/default.jpg,"rememories,rememories vtuber,chloe pawapua,reynard blanc,lily ifeta,cecilia lieberia,cecil rememories,Nanashi Mumei,mumei hololive,mumei indonesia,vtuber glasses,chloe,reynard,lily,reinly,live2d,vtuber indonesia,anime,vtuber anime,muse indonesia,loli",24,id,57,TRUE,public,FALSE,1312,148,0,14,Entertainment,,,
2024-03-10 15:14:26+00:00,UC4pEixMozb6UnOtwg5Uew-Q,Cecilia Lieberia Ch.ã€ Re:Memories ã€,CE-CHILL KARAWOKE + ANNOUNCEMENT!,"CE-CHILL KARAWOKE + ANNOUNCEMENT!

= = = = = = = = = = = = = =

ğŸŒ™ Koleksi Merch Official Cecil dan Keluarga Rememe!
https://tokopedia.com/rememories

ğŸŒ™ Hadiah Kecil dari Pencil
https://youtu.be/Y_aXz7eIByM

ğŸŒ™ Re:Colorful Memories
https://youtu.be/QoT9GtwpvQ4

= = = = = = = = = = = = = =

You can support me through here~
ğŸ“– https://trakteer.id/cecilialieberia/tip
ğŸ“– https://streamlabs.com/cecilialieberia
And I will read in on ""Donation Reading"" or ""QnA Stream"" if I miss it :'3

For collaboration and business Inquiries:
ğŸ“– Contact@rememories.id

= = = = = = = = = = = = = =

Ini dia Peraturan di Perpustakaan:
ğŸŒŸ Boleh banget untuk clip dari livestreamku
ğŸŒŸ Gaboleh gelud, OOT, dan spam ya? Maacii~
ğŸŒŸ Gaboleh ngomong kasar sama sekali!
ğŸŒŸ Melanggar = Ku bonk pakai kamus tebalku

Here are The Library Rules:
ğŸŒŸ Feel free to clip from my livestream
ğŸŒŸ No fighting, OOT, and spam please? Thank you~
ğŸŒŸ No bad words at all! 
ğŸŒŸ Break the rules = I'll bonk you with my heavy dictionary 

= = = = = = = = = = = = = =

Follow my social media:
ğŸ“– Twitter: https://twitter.com/CeciliaLieberia
ğŸ“– Facebook: https://www.fb.com/CeciliaLieberiach
ğŸ“– Instagram: https://www.instagram.com/cecilialieb...
ğŸ“– TikTok: https://www.tiktok.com/@cecilialieberia

Follow my sisters & brother:
ğŸ—¡ï¸ Elaine Celestia: https://rememories.id/elainecelestia
ğŸ¹ Reynard Blanc: https://rememories.id/reynardblanc
ğŸ’« Lily Ifeta: https://rememories.id/lilyifeta
ğŸ€ Chloe Pawapua: https://rememories.id/chloepawapua

#Freetalk #CileLive #CeciliaLieberia #Vtuberindo #virtualyoutuber #ãƒãƒ¼ãƒãƒ£ãƒ«YouTuber",https://i.ytimg.com/vi/347WqRInYNs/default.jpg,"rememories,rememories vtuber,chloe pawapua,reynard blanc,lily ifeta,evelyn vtuber,new vtuber,vtuber baru,cecilia lieberia,cecil rememories,Nanashi Mumei,mumei hololive,mumei indonesia,vtuber glasses,chloe,reynard,lily,evelyn,reinly,live2d,vtuber indonesia,anime,vtuber anime,muse indonesia",24,id,7471,FALSE,public,FALSE,3188,477,0,11,Music,2024-03-10 13:01:36+00:00,,2024-03-10 13:00:00+00:00
2024-03-08 16:17:29+00:00,UC4pEixMozb6UnOtwg5Uew-Q,Cecilia Lieberia Ch.ã€ Re:Memories ã€,CECIL KEMBALI DENGAN MEMEDIASHARE DISKON!!,"CECIL KEMBALI DENGAN MEMEDIASHARE DISKON!!

= = = = = = = = = = = = = =

ğŸŒ™ Koleksi Merch Official Cecil dan Keluarga Rememe!
https://tokopedia.com/rememories

ğŸŒ™ Hadiah Kecil dari Pencil
https://youtu.be/Y_aXz7eIByM

ğŸŒ™ Re:Colorful Memories
https://youtu.be/QoT9GtwpvQ4

= = = = = = = = = = = = = =

You can support me through here~
ğŸ“– https://trakteer.id/cecilialieberia/tip
ğŸ“– https://streamlabs.com/cecilialieberia
And I will read in on ""Donation Reading"" or ""QnA Stream"" if I miss it :'3

For collaboration and business Inquiries:
ğŸ“– Contact@rememories.id

= = = = = = = = = = = = = =

Ini dia Peraturan di Perpustakaan:
ğŸŒŸ Boleh banget untuk clip dari livestreamku
ğŸŒŸ Gaboleh gelud, OOT, dan spam ya? Maacii~
ğŸŒŸ Gaboleh ngomong kasar sama sekali!
ğŸŒŸ Melanggar = Ku bonk pakai kamus tebalku

Here are The Library Rules:
ğŸŒŸ Feel free to clip from my livestream
ğŸŒŸ No fighting, OOT, and spam please? Thank you~
ğŸŒŸ No bad words at all! 
ğŸŒŸ Break the rules = I'll bonk you with my heavy dictionary 

= = = = = = = = = = = = = =

Follow my social media:
ğŸ“– Twitter: https://twitter.com/CeciliaLieberia
ğŸ“– Facebook: https://www.fb.com/CeciliaLieberiach
ğŸ“– Instagram: https://www.instagram.com/cecilialieb...
ğŸ“– TikTok: https://www.tiktok.com/@cecilialieberia

Follow my sisters & brother:
ğŸ—¡ï¸ Elaine Celestia: https://rememories.id/elainecelestia
ğŸ¹ Reynard Blanc: https://rememories.id/reynardblanc
ğŸ’« Lily Ifeta: https://rememories.id/lilyifeta
ğŸ€ Chloe Pawapua: https://rememories.id/chloepawapua

#Freetalk #CileLive #CeciliaLieberia #Vtuberindo #virtualyoutuber #ãƒãƒ¼ãƒãƒ£ãƒ«YouTuber",https://i.ytimg.com/vi/eofqNJL6GNg/default.jpg,"rememories,rememories vtuber,chloe pawapua,reynard blanc,lily ifeta,evelyn vtuber,new vtuber,vtuber baru,cecilia lieberia,cecil rememories,Nanashi Mumei,mumei hololive,mumei indonesia,vtuber glasses,chloe,reynard,lily,evelyn,reinly,live2d,vtuber indonesia,anime,vtuber anime,muse indonesia",24,id,6256,FALSE,public,FALSE,4097,521,0,11,"Role-playing_video_game,Video_game_culture",2024-03-08 14:01:08+00:00,,2024-03-08 14:00:00+00:00
2024-02-29 13:00:11+00:00,UC4pEixMozb6UnOtwg5Uew-Q,Cecilia Lieberia Ch.ã€ Re:Memories ã€,ã€LYRICS VIDEOã€‘Lagu: Jowo ver.,"Birthday Present for our precious nee-chan, Chloe Pawapua

ğŸŒ™ Cecil & Rememe Merchandise
https://www.tokopedia.com/rememories

= = = = = = = = = = = = = =

ã€Creditã€
â— Original: @ChloePawapua 
https://youtu.be/C4R-P5frInY?si=4asQyy6D5F4ZO1Li
â— Vocal & Art:  @CeciliaLieberia 
â— Music & Mixing:  @reynardblanc 
â— Translirik & Video: Soraã‚ (https://twitter.com/Haruki_Soraa)

= = = = = = = = = = = = = =

ã€Lirikã€

[Verse]
Guyu aku ngrungokno
Kata-kata sing mbok simpen gawe aku
Ora jago nanging kowe ijik gelem ngegombal

Jare wong-wong liyane
Tresno iku guduk ngomong wae
Ngerti ngunu, lapo ati iki ora ngenolak?

[Chorus]
Jare mu, ""Dino minggu iku weekend nanging tresno kene iku will never end""
Jare mu, ""Tebak awan opo sing paling apik? 
Awan-awan mikirno kowe karo ngunjuk kopi""
Jare uwong ngekei gombalan ki watak sing koyok bocah
Nanging rapopo nek gawe katresnan awak dewe
Ku seneng kene guya guyu mesem lan merana~

= = = = = = = = = = = = = =

Follow my social media:
ğŸ“– Twitter:

 / cecilialieberia
ğŸ“– Facebook: https://www.fb.com/CeciliaLieberiach
ğŸ“– Instagram:

 / cecilialieberia
ğŸ“– TikTok:

 / cecilialieberia

Follow my sisters & brother:
ğŸ—¡ï¸ Elaine Celestia : https://www.youtube.com/@ElaineCelestia
ğŸ¹ Reynard Blanc : https://www.youtube.com/@reynardblanc
ğŸ’« Lily Ifeta : https://www.youtube.com/@LilyIfeta
ğŸ€ Chloe Pawapua : https://www.youtube.com/@ChloePawapua
ğŸ’° Marin Goldlock : https://www.youtube.com/@MarinGoldlock
ğŸ¯ Leo Axenos : https://www.youtube.com/@LeoAxenos
â˜    Izanami Chiara : https://www.youtube.com/@IzanamiChiara
ğŸ“ Pinku Rimu : https://www.youtube.com/@PinkuRimu

#CileSong #CeciliaLieberia #Vtuberindo #virtualyoutuber #ãƒãƒ¼ãƒãƒ£ãƒ«YouTuber",https://i.ytimg.com/vi/hAyqCAucShU/default.jpg,"rememories,rememories vtuber,chloe pawapua,reynard blanc,lily ifeta,cecilia lieberia,cecil rememories,Nanashi Mumei,mumei hololive,mumei indonesia,vtuber glasses,chloe,reynard,lily,reinly,live2d,vtuber indonesia,anime,vtuber anime,muse indonesia,loli",24,id,113,TRUE,public,FALSE,3579,625,0,90,"Music,Music_of_Asia,Pop_music",2024-02-29 13:00:11+00:00,,2024-02-29 13:00:00+00:00
,,,,,,,,,,,,,,,,,,,,
,,,,,,,,,,,,,,,,,,,,
,,,,,,,,,,,,,,,,,,,,
,,,,,,,,,,,,,,,,,,,,
,,,,,,,,,,,,,,,,,,,,
,,,,,,,,,,,,,,,,,,,,
,,,,,,,,,,,,,,,,,,,,
,,,,,,,,,,,,,,,,,,,,
,,,,,,,,,,,,,,,,,,,,
,,,,,,,,,,,,,,,,,,,,
,,,,,,,,,,,,,,,,,,,,
,,,,,,,,,,,,,,,,,,,,
,,,,,,,,,,,,,,,,,,,,
,,,,,,,,,,,,,,,,,,,,
,,,,,,,,,,,,,,,,,,,,
,,,,,,,,,,,,,,,,,,,,
,,,,,,,,,,,,,,,,,,,,
,,,,,,,,,,,,,,,,,,,,
,,,,,,,,,,,,,,,,,,,,
,,,,,,,,,,,,,,,,,,,,
,,,,,,,,,,,,,,,,,,,,
,,,,,,,,,,,,,,,,,,,,
,,,,,,,,,,,,,,,,,,,,
,,,,,,,,,,,,,,,,,,,,
,,,,,,,,,,,,,,,,,,,,
,,,,,,,,,,,,,,,,,,,,
,,,,,,,,,,,,,,,,,,,,
,,,,,,,,,,,,,,,,,,,,
,,,,,,,,,,,,,,,,,,,,
,,,,,,,,,,,,,,,,,,,,
,,,,,,,,,,,,,,,,,,,,
,,,,,,,,,,,,,,,,,,,,
,,,,,,,,,,,,,,,,,,,,
,,,,,,,,,,,,,,,,,,,,
,,,,,,,,,,,,,,,,,,,,
,,,,,,,,,,,,,,,,,,,,
,,,,,,,,,,,,,,,,,,,,
,,,,,,,,,,,,,,,,,,,,
,,,,,,,,,,,,,,,,,,,,
,,,,,,,,,,,,,,,,,,,,
,,,,,,,,,,,,,,,,,,,,
,,,,,,,,,,,,,,,,,,,,
,,,,,,,,,,,,,,,,,,,,
,,,,,,,,,,,,,,,,,,,,
,,,,,,,,,,,,,,,,,,,,
,,,,,,,,,,,,,,,,,,,,
,,,,,,,,,,,,,,,,,,,,
,,,,,,,,,,,,,,,,,,,,
,,,,,,,,,,,,,,,,,,,,
,,,,,,,,,,,,,,,,,,,,
,,,,,,,,,,,,,,,,,,,,
,,,,,,,,,,,,,,,,,,,,
,,,,,,,,,,,,,,,,,,,,
,,,,,,,,,,,,,,,,,,,,
,,,,,,,,,,,,,,,,,,,,
,,,,,,,,,,,,,,,,,,,,
,,,,,,,,,,,,,,,,,,,,
,,,,,,,,,,,,,,,,,,,,
,,,,,,,,,,,,,,,,,,,,
,,,,,,,,,,,,,,,,,,,,
,,,,,,,,,,,,,,,,,,,,
,,,,,,,,,,,,,,,,,,,,
,,,,,,,,,,,,,,,,,,,,
,,,,,,,,,,,,,,,,,,,,
,,,,,,,,,,,,,,,,,,,,
,,,,,,,,,,,,,,,,,,,,
,,,,,,,,,,,,,,,,,,,,
,,,,,,,,,,,,,,,,,,,,
,,,,,,,,,,,,,,,,,,,,
,,,,,,,,,,,,,,,,,,,,
,,,,,,,,,,,,,,,,,,,,
,,,,,,,,,,,,,,,,,,,,
,,,,,,,,,,,,,,,,,,,,
,,,,,,,,,,,,,,,,,,,,
,,,,,,,,,,,,,,,,,,,,
,,,,,,,,,,,,,,,,,,,,
,,,,,,,,,,,,,,,,,,,,
,,,,,,,,,,,,,,,,,,,,
,,,,,,,,,,,,,,,,,,,,
,,,,,,,,,,,,,,,,,,,,
,,,,,,,,,,,,,,,,,,,,
,,,,,,,,,,,,,,,,,,,,
,,,,,,,,,,,,,,,,,,,,
,,,,,,,,,,,,,,,,,,,,
,,,,,,,,,,,,,,,,,,,,
,,,,,,,,,,,,,,,,,,,,
,,,,,,,,,,,,,,,,,,,,
,,,,,,,,,,,,,,,,,,,,
,,,,,,,,,,,,,,,,,,,,
,,,,,,,,,,,,,,,,,,,,
,,,,,,,,,,,,,,,,,,,,
,,,,,,,,,,,,,,,,,,,,
,,,,,,,,,,,,,,,,,,,,
,,,,,,,,,,,,,,,,,,,,
,,,,,,,,,,,,,,,,,,,,
,,,,,,,,,,,,,,,,,,,,
,,,,,,,,,,,,,,,,,,,,
,,,,,,,,,,,,,,,,,,,,
,,,,,,,,,,,,,,,,,,,,
,,,,,,,,,,,,,,,,,,,,
,,,,,,,,,,,,,,,,,,,,
,,,,,,,,,,,,,,,,,,,,
,,,,,,,,,,,,,,,,,,,,
,,,,,,,,,,,,,,,,,,,,
,,,,,,,,,,,,,,,,,,,,
,,,,,,,,,,,,,,,,,,,,
,,,,,,,,,,,,,,,,,,,,
,,,,,,,,,,,,,,,,,,,,
,,,,,,,,,,,,,,,,,,,,
,,,,,,,,,,,,,,,,,,,,
,,,,,,,,,,,,,,,,,,,,
,,,,,,,,,,,,,,,,,,,,
,,,,,,,,,,,,,,,,,,,,
,,,,,,,,,,,,,,,,,,,,
,,,,,,,,,,,,,,,,,,,,
,,,,,,,,,,,,,,,,,,,,
,,,,,,,,,,,,,,,,,,,,
,,,,,,,,,,,,,,,,,,,,
,,,,,,,,,,,,,,,,,,,,
,,,,,,,,,,,,,,,,,,,,
,,,,,,,,,,,,,,,,,,,,
,,,,,,,,,,,,,,,,,,,,
,,,,,,,,,,,,,,,,,,,,
,,,,,,,,,,,,,,,,,,,,
,,,,,,,,,,,,,,,,,,,,
,,,,,,,,,,,,,,,,,,,,
,,,,,,,,,,,,,,,,,,,,
,,,,,,,,,,,,,,,,,,,,
,,,,,,,,,,,,,,,,,,,,
,,,,,,,,,,,,,,,,,,,,
,,,,,,,,,,,,,,,,,,,,
,,,,,,,,,,,,,,,,,,,,
,,,,,,,,,,,,,,,,,,,,
,,,,,,,,,,,,,,,,,,,,
,,,,,,,,,,,,,,,,,,,,
,,,,,,,,,,,,,,,,,,,,
,,,,,,,,,,,,,,,,,,,,
,,,,,,,,,,,,,,,,,,,,
,,,,,,,,,,,,,,,,,,,,
,,,,,,,,,,,,,,,,,,,,
,,,,,,,,,,,,,,,,,,,,
,,,,,,,,,,,,,,,,,,,,
,,,,,,,,,,,,,,,,,,,,
,,,,,,,,,,,,,,,,,,,,
,,,,,,,,,,,,,,,,,,,,
,,,,,,,,,,,,,,,,,,,,
,,,,,,,,,,,,,,,,,,,,
,,,,,,,,,,,,,,,,,,,,
,,,,,,,,,,,,,,,,,,,,
,,,,,,,,,,,,,,,,,,,,
,,,,,,,,,,,,,,,,,,,,
,,,,,,,,,,,,,,,,,,,,
,,,,,,,,,,,,,,,,,,,,
,,,,,,,,,,,,,,,,,,,,
,,,,,,,,,,,,,,,,,,,,
,,,,,,,,,,,,,,,,,,,,
,,,,,,,,,,,,,,,,,,,,
,,,,,,,,,,,,,,,,,,,,
,,,,,,,,,,,,,,,,,,,,
,,,,,,,,,,,,,,,,,,,,
,,,,,,,,,,,,,,,,,,,,
,,,,,,,,,,,,,,,,,,,,
,,,,,,,,,,,,,,,,,,,,
,,,,,,,,,,,,,,,,,,,,
,,,,,,,,,,,,,,,,,,,,
,,,,,,,,,,,,,,,,,,,,
,,,,,,,,,,,,,,,,,,,,
,,,,,,,,,,,,,,,,,,,,
,,,,,,,,,,,,,,,,,,,,
,,,,,,,,,,,,,,,,,,,,
,,,,,,,,,,,,,,,,,,,,
,,,,,,,,,,,,,,,,,,,,
,,,,,,,,,,,,,,,,,,,,
,,,,,,,,,,,,,,,,,,,,
,,,,,,,,,,,,,,,,,,,,
,,,,,,,,,,,,,,,,,,,,
,,,,,,,,,,,,,,,,,,,,
,,,,,,,,,,,,,,,,,,,,
,,,,,,,,,,,,,,,,,,,,
,,,,,,,,,,,,,,,,,,,,
,,,,,,,,,,,,,,,,,,,,
,,,,,,,,,,,,,,,,,,,,
,,,,,,,,,,,,,,,,,,,,
,,,,,,,,,,,,,,,,,,,,
,,,,,,,,,,,,,,,,,,,,
,,,,,,,,,,,,,,,,,,,,
,,,,,,,,,,,,,,,,,,,,
,,,,,,,,,,,,,,,,,,,,
,,,,,,,,,,,,,,,,,,,,
,,,,,,,,,,,,,,,,,,,,
,,,,,,,,,,,,,,,,,,,,
,,,,,,,,,,,,,,,,,,,,
,,,,,,,,,,,,,,,,,,,,
,,,,,,,,,,,,,,,,,,,,
,,,,,,,,,,,,,,,,,,,,
,,,,,,,,,,,,,,,,,,,,
,,,,,,,,,,,,,,,,,,,,
,,,,,,,,,,,,,,,,,,,,
,,,,,,,,,,,,,,,,,,,,
,,,,,,,,,,,,,,,,,,,,
,,,,,,,,,,,,,,,,,,,,
,,,,,,,,,,,,,,,,,,,,
,,,,,,,,,,,,,,,,,,,,
,,,,,,,,,,,,,,,,,,,,
,,,,,,,,,,,,,,,,,,,,
,,,,,,,,,,,,,,,,,,,,
,,,,,,,,,,,,,,,,,,,,
,,,,,,,,,,,,,,,,,,,,
,,,,,,,,,,,,,,,,,,,,
,,,,,,,,,,,,,,,,,,,,
,,,,,,,,,,,,,,,,,,,,
,,,,,,,,,,,,,,,,,,,,
,,,,,,,,,,,,,,,,,,,,
,,,,,,,,,,,,,,,,,,,,
,,,,,,,,,,,,,,,,,,,,
,,,,,,,,,,,,,,,,,,,,
,,,,,,,,,,,,,,,,,,,,
,,,,,,,,,,,,,,,,,,,,
,,,,,,,,,,,,,,,,,,,,
,,,,,,,,,,,,,,,,,,,,
,,,,,,,,,,,,,,,,,,,,
,,,,,,,,,,,,,,,,,,,,
,,,,,,,,,,,,,,,,,,,,
,,,,,,,,,,,,,,,,,,,,
,,,,,,,,,,,,,,,,,,,,
,,,,,,,,,,,,,,,,,,,,
,,,,,,,,,,,,,,,,,,,,
,,,,,,,,,,,,,,,,,,,,
,,,,,,,,,,,,,,,,,,,,
,,,,,,,,,,,,,,,,,,,,
,,,,,,,,,,,,,,,,,,,,
,,,,,,,,,,,,,,,,,,,,
,,,,,,,,,,,,,,,,,,,,
,,,,,,,,,,,,,,,,,,,,
,,,,,,,,,,,,,,,,,,,,
,,,,,,,,,,,,,,,,,,,,
,,,,,,,,,,,,,,,,,,,,
,,,,,,,,,,,,,,,,,,,,
,,,,,,,,,,,,,,,,,,,,
,,,,,,,,,,,,,,,,,,,,
,,,,,,,,,,,,,,,,,,,,
,,,,,,,,,,,,,,,,,,,,
,,,,,,,,,,,,,,,,,,,,
,,,,,,,,,,,,,,,,,,,,
,,,,,,,,,,,,,,,,,,,,
,,,,,,,,,,,,,,,,,,,,
,,,,,,,,,,,,,,,,,,,,
,,,,,,,,,,,,,,,,,,,,
,,,,,,,,,,,,,,,,,,,,
,,,,,,,,,,,,,,,,,,,,
,,,,,,,,,,,,,,,,,,,,
,,,,,,,,,,,,,,,,,,,,
,,,,,,,,,,,,,,,,,,,,
,,,,,,,,,,,,,,,,,,,,
,,,,,,,,,,,,,,,,,,,,
,,,,,,,,,,,,,,,,,,,,
,,,,,,,,,,,,,,,,,,,,
,,,,,,,,,,,,,,,,,,,,
,,,,,,,,,,,,,,,,,,,,
,,,,,,,,,,,,,,,,,,,,
,,,,,,,,,,,,,,,,,,,,
,,,,,,,,,,,,,,,,,,,,
,,,,,,,,,,,,,,,,,,,,
,,,,,,,,,,,,,,,,,,,,
,,,,,,,,,,,,,,,,,,,,
,,,,,,,,,,,,,,,,,,,,
,,,,,,,,,,,,,,,,,,,,
,,,,,,,,,,,,,,,,,,,,
,,,,,,,,,,,,,,,,,,,,
,,,,,,,,,,,,,,,,,,,,
,,,,,,,,,,,,,,,,,,,,
,,,,,,,,,,,,,,,,,,,,
,,,,,,,,,,,,,,,,,,,,
,,,,,,,,,,,,,,,,,,,,
,,,,,,,,,,,,,,,,,,,,
,,,,,,,,,,,,,,,,,,,,
,,,,,,,,,,,,,,,,,,,,
,,,,,,,,,,,,,,,,,,,,
,,,,,,,,,,,,,,,,,,,,
,,,,,,,,,,,,,,,,,,,,
,,,,,,,,,,,,,,,,,,,,
,,,,,,,,,,,,,,,,,,,,
,,,,,,,,,,,,,,,,,,,,
,,,,,,,,,,,,,,,,,,,,
,,,,,,,,,,,,,,,,,,,,
,,,,,,,,,,,,,,,,,,,,
,,,,,,,,,,,,,,,,,,,,
,,,,,,,,,,,,,,,,,,,,
,,,,,,,,,,,,,,,,,,,,
,,,,,,,,,,,,,,,,,,,,
,,,,,,,,,,,,,,,,,,,,
,,,,,,,,,,,,,,,,,,,,
,,,,,,,,,,,,,,,,,,,,
,,,,,,,,,,,,,,,,,,,,
,,,,,,,,,,,,,,,,,,,,
,,,,,,,,,,,,,,,,,,,,
,,,,,,,,,,,,,,,,,,,,
,,,,,,,,,,,,,,,,,,,,
,,,,,,,,,,,,,,,,,,,,
,,,,,,,,,,,,,,,,,,,,
,,,,,,,,,,,,,,,,,,,,
,,,,,,,,,,,,,,,,,,,,
,,,,,,,,,,,,,,,,,,,,
,,,,,,,,,,,,,,,,,,,,
,,,,,,,,,,,,,,,,,,,,
,,,,,,,,,,,,,,,,,,,,
,,,,,,,,,,,,,,,,,,,,
,,,,,,,,,,,,,,,,,,,,
,,,,,,,,,,,,,,,,,,,,
,,,,,,,,,,,,,,,,,,,,
,,,,,,,,,,,,,,,,,,,,
,,,,,,,,,,,,,,,,,,,,
,,,,,,,,,,,,,,,,,,,,
,,,,,,,,,,,,,,,,,,,,
,,,,,,,,,,,,,,,,,,,,
,,,,,,,,,,,,,,,,,,,,
,,,,,,,,,,,,,,,,,,,,
,,,,,,,,,,,,,,,,,,,,
,,,,,,,,,,,,,,,,,,,,
,,,,,,,,,,,,,,,,,,,,
,,,,,,,,,,,,,,,,,,,,
,,,,,,,,,,,,,,,,,,,,
,,,,,,,,,,,,,,,,,,,,
,,,,,,,,,,,,,,,,,,,,
,,,,,,,,,,,,,,,,,,,,
,,,,,,,,,,,,,,,,,,,,
,,,,,,,,,,,,,,,,,,,,
,,,,,,,,,,,,,,,,,,,,
,,,,,,,,,,,,,,,,,,,,
,,,,,,,,,,,,,,,,,,,,
,,,,,,,,,,,,,,,,,,,,
,,,,,,,,,,,,,,,,,,,,
,,,,,,,,,,,,,,,,,,,,
