keyword,ranking,video_id,date_video_published(UTC),video_title,video_description,video_thumbnail,video_default_audio_language,video_status,video_duration(s),video_licenced_content,video_tag,video_view_count,video_like_count,video_favorite_count,video_comment_count,is_video_for_kids,video_topic_id,video_topic,video_start_time(UTC),video_end_time(UTC),video_scheduled_time(UTC),channel_id,channel_title,date_channel_create(UTC),channel_country,channel_all_video_upload_playlist_id,channel_url,channel_owner_url,channel_description,channel_custom_id,channel_tag,is_channel_Family_safe,is_channel_hiden_sub,channel_topic,channel_view_count,channel_video_count,channel_subs_count
vtuber,1.0,Hjz6xTWEKCs,2023-02-09 14:24:49+00:00,ã€The Baby In Yellowã€‘Ketika VTuber memiliki anak ğŸ˜±ğŸ˜±,Timestamps buat archive ini: 1:35 Opening 7:05 Start 53:51 Ending Donasi kalau mau! âœ§ https://trakteer.id/harriscaine Follow ...,https://i.ytimg.com/vi/Hjz6xTWEKCs/default.jpg,,public,3736.0,True,"vtuberindonesia,vtuber,vtuberid,vtuber cowok,vtuber laki,male vtuber",141882.0,5939.0,0.0,605.0,False,20,"Action-adventure_game,Video_game_culture",2023-02-09 13:17:15+00:00,,2023-02-09 13:15:00+00:00,UCtC7olOldksX4fcl_8XKUFA,Harris Caineã€AKA Virtualã€‘,2021-09-16 13:30:04.029904+00:00,ID,UUtC7olOldksX4fcl_8XKUFA,https://www.youtube.com/channel/UCtC7olOldksX4fcl_8XKUFA,http://www.youtube.com/@HarrisCaine,"Roleplay & Gaming
",@harriscaine,"vtuber,vtuber indonesia,vtuberindonesia,vtuberid,male vtuber,vtuber cowok,vtuber laki,vtuber pria,asmr cowok,asmr boyfriend",True,False,"Role-playing_video_game,Action_game,Action-adventure_game,Video_game_culture,Entertainment",87342892.0,557.0,929000.0
vtuber,2.0,oU3L8cK90LM,2024-03-15 14:19:12+00:00,GRANNY VS 4 VTUBER COWOK?! ğŸ˜±- Granny Multiplayer ft. SOL.4CE,Granny Multiplayer bersama @gingehenna @xSoutaa & @MikazukiArion Thumbnail art by https://twitter.com/_higanbanax ...,https://i.ytimg.com/vi/oU3L8cK90LM/default.jpg,,public,3512.0,True,"vtuberindonesia,vtuber,vtuberid,vtuber cowok,vtuber laki,male vtuber,horror game,gorror gameplay,horror vtuber,horror game stream,horror stream,horror indonesia,indonesia",140202.0,11953.0,0.0,250.0,False,20,"Action-adventure_game,Role-playing_video_game,Video_game_culture",2024-03-15 13:16:33+00:00,,2024-03-15 13:15:00+00:00,UCtC7olOldksX4fcl_8XKUFA,Harris Caineã€AKA Virtualã€‘,2021-09-16 13:30:04.029904+00:00,ID,UUtC7olOldksX4fcl_8XKUFA,https://www.youtube.com/channel/UCtC7olOldksX4fcl_8XKUFA,http://www.youtube.com/@HarrisCaine,"Roleplay & Gaming
",@harriscaine,"vtuber,vtuber indonesia,vtuberindonesia,vtuberid,male vtuber,vtuber cowok,vtuber laki,vtuber pria,asmr cowok,asmr boyfriend",True,False,"Role-playing_video_game,Action_game,Action-adventure_game,Video_game_culture,Entertainment",87342892.0,557.0,929000.0
vtuber,3.0,WpxwfZZqplU,2023-08-26 18:48:21+00:00,SISI GELAP KEHIDUPAN STREAMER VTUBER YANG SESUNGGUHNYA! Parasocial | ãƒ‘ãƒ©ã‚½ãƒ¼ã‚·ãƒ£ãƒ«,Channel Bang Cendy: https://www.youtube.com/@CrispyCendy Join Discord Serverku guys komunitas ramai!,https://i.ytimg.com/vi/WpxwfZZqplU/default.jpg,id,public,7727.0,True,"game horror,home alone,game horor,windah basudara,windah basudara horror,windah basudara horor,SISI GELAP DARI SEORANG STREAMER VTUBER YANG SESUNGGUHNYA! Parasocial | ãƒ‘ãƒ©ã‚½ãƒ¼ã‚·ãƒ£ãƒ«,parasocial chillas art,parasocial chillas art ending,parasocial chillas art all endings,parasocial chillas art credits,parasocial chillas art release date,chillas art parasocial ãƒ‘ãƒ©ã‚½ãƒ¼ã‚·ãƒ£ãƒ«",3016686.0,79338.0,0.0,2964.0,False,20,"Action-adventure_game,Action_game,Video_game_culture",2023-08-26 16:33:25+00:00,,,UCoIiiHof6BJ85PLuLkuxuhw,Windah Basudara,2018-12-29 07:57:37+00:00,ID,UUoIiiHof6BJ85PLuLkuxuhw,https://www.youtube.com/channel/UCoIiiHof6BJ85PLuLkuxuhw,http://www.youtube.com/@WindahBasudara,"Join discordku MotionIme guys linknya di bawah!
",@windahbasudara,"gaming,game jadul,game ps2,windahbasudara,livestreaming game anti mainstream,livestreaming,livestreaming windah basudara,live streaming game jadul,live streaming game ps2,game epic offline,game nostalgia,game rpg,tamatin game,rahasia game,namatin game,game tamat,resident evil 4,resident evil,god of war,gta san andreas,game ps1,god hand,downhill domination,need for speed,midnight club,mortal kombat shaolin monks,game bocil,bocil kematian,ilham",True,False,"Action_game,Role-playing_video_game,Action-adventure_game,Video_game_culture",3655362959.0,5104.0,13300000.0
vtuber,4.0,oU45hESOTs4,2024-06-18 00:45:08+00:00,WORST VTUBER AGENCY EVER?!,Happy 3 years of Phase Connect!! Let's dive into us!!!!! â¢â—¥ â–­â–­â–­â–­â–­â–­ â—‡ â–­â–­â–­â–­â–­â–­ â—¤â¢ Donations link (never required but ...,https://i.ytimg.com/vi/oU45hESOTs4/default.jpg,,public,5719.0,True,"phase connect,rinkstart,rinkou ashelia,vtuber,envtuber",11138.0,1046.0,0.0,36.0,False,24,"Action_game,Role-playing_video_game,Video_game_culture",2024-06-17 23:00:34+00:00,,2024-06-17 23:00:00+00:00,UCg7sW-h1PUowdiR5K4HlBew,Lia Ch.ã€Phase Connectã€‘,2021-03-19 09:14:38.737943+00:00,US,UUg7sW-h1PUowdiR5K4HlBew,https://www.youtube.com/channel/UCg7sW-h1PUowdiR5K4HlBew,http://www.youtube.com/@RinkouAshelia,"Limitless Intelligence Assistant, super charger LIA is here to brighten your day!

Graphics provided by: @ueiko_ on twitter

Official Website: https://phase-connect.com/
Official Twitter: https://twitter.com/PhaseConnect

",@rinkouashelia,"phase-connect,vtuber,envtuber,ashelia rinkou,phase connect",True,False,"Role-playing_video_game,Video_game_culture,Action_game",8546312.0,647.0,114000.0
vtuber,5.0,pD5ftbTsyiA,2022-08-22 16:43:02+00:00,DEBUT STREAM CHARITY VTUBER REZA WINSTON!,Mohon maaf bagi temen2 yang donasi nya tak terbaca yah. Yang terlambat bisa langsung ke lembaga yang terkait di link di ...,https://i.ytimg.com/vi/pD5ftbTsyiA/default.jpg,id,public,11617.0,False,"whack the thief,whack series,whack your boss,whack the thief game",1861718.0,93637.0,0.0,2245.0,False,20,Video_game_culture,2022-08-22 13:14:42+00:00,,,UCoIiiHof6BJ85PLuLkuxuhw,Windah Basudara,2018-12-29 07:57:37+00:00,ID,UUoIiiHof6BJ85PLuLkuxuhw,https://www.youtube.com/channel/UCoIiiHof6BJ85PLuLkuxuhw,http://www.youtube.com/@WindahBasudara,"Join discordku MotionIme guys linknya di bawah!
",@windahbasudara,"gaming,game jadul,game ps2,windahbasudara,livestreaming game anti mainstream,livestreaming,livestreaming windah basudara,live streaming game jadul,live streaming game ps2,game epic offline,game nostalgia,game rpg,tamatin game,rahasia game,namatin game,game tamat,resident evil 4,resident evil,god of war,gta san andreas,game ps1,god hand,downhill domination,need for speed,midnight club,mortal kombat shaolin monks,game bocil,bocil kematian,ilham",True,False,"Action_game,Role-playing_video_game,Action-adventure_game,Video_game_culture",3655362959.0,5104.0,13300000.0
vtuber,6.0,AUjCmbN3t9s,2023-06-14 19:01:20+00:00,Professional advice for new VTubers (my kouhais),GEN 2 DEBUT PLAYLIST (I'm such a good senpai hell yeah) ...,https://i.ytimg.com/vi/AUjCmbN3t9s/default.jpg,en-GB,public,3304.0,True,"idolEN,idol en,idol,idol corp,idol company,vtuber,virtual youtuber,e-sekai,e sekai,idolEN gen 1,rin penrose,vtuber debut,debut stream,debut 2.0,vtuber original song,yuko yurei,pochi wanmaru,fuyo cloverfield,juna unagi,idolHE,vtuber bgm,ãƒ–ã‚¤ãƒãƒ¥ãƒ¼ãƒãƒ¼,ãƒãƒ¼ãƒãƒ£ãƒ«ãƒ¦ãƒ¼ãƒãƒ¥ãƒ¼ãƒãƒ¼,riro ron,idol origin,project star,rin penrose ad,2d vtuber,vtuber en,idolen gen 2,idol gen 2,idol debut,roca rourin,coni confetti,kai saikota,momo otako,poko rakun,idol endless",41180.0,3326.0,0.0,40.0,False,24,,2023-06-14 18:01:39+00:00,,2023-06-14 18:00:00+00:00,UCpZIbzoEC_3rZglErpQkbDg,Rin Penrose Ch. idol-EN,2022-08-12 22:37:51.829341+00:00,US,UUpZIbzoEC_3rZglErpQkbDg,https://www.youtube.com/channel/UCpZIbzoEC_3rZglErpQkbDg,http://www.youtube.com/@rinpenrose,"Rin is the self-proclaimed prince (â€œNot princess!â€) of a kingdom in another world. Though she tries to maintain a â€œproperâ€ demeanour befitting her royal heritage, her true, unfathomable personality always shines through.

As for why a prince would want to be a VTuberâ€¦ It seems even the Royal Family has its secrets.

Support this Nonsense: https://streamelements.com/rinpenrose/tip

â€âŠ±â”„â”„â”„â”„âŠ°â€ Â°â€¢ â™” â€¢Â° â€âŠ±â”„â”„â”„â”„âŠ°â€

One's tags: 
For GENERAL: #RinPenrose
For FANART: #inkpaintrose
For FANMADE ASSETS: #rintellectualproperty
For CLIPS: #caughtrin4k
For ""MEMES"": #painrose

â€âŠ±â”„â”„â”„â”„âŠ°â€ Â°â€¢ â™” â€¢Â° â€âŠ±â”„â”„â”„â”„âŠ°â€

Esteemed ãƒãƒ: https://twitter.com/rollsheeeep
Revered ãƒ‘ãƒ‘: https://twitter.com/re_reinly
",@rinpenrose,"idolEN,idol en,idol,idol corp,idol company,vtuber,virtual youtuber,e-sekai,e sekai,idolEN gen 1,rin penrose,vtuber debut,debut stream,debut 2.0,vtuber original song,yuko yurei,pochi wanmaru,fuyo cloverfield,juna unagi,idolHE,vtuber bgm,ãƒ–ã‚¤ãƒãƒ¥ãƒ¼ãƒãƒ¼,ãƒãƒ¼ãƒãƒ£ãƒ«ãƒ¦ãƒ¼ãƒãƒ¥ãƒ¼ãƒãƒ¼,riro ron,idol origin,project star,rin penrose ad,2d vtuber,vtuber en,idolen gen 2,roca rourin,coni confetti,kai saikota,momo otako,poko rakun,idol endless,bin benrose,bin benbose",True,False,"Role-playing_video_game,Video_game_culture,Action_game",120213442.0,459.0,719000.0
vtuber,7.0,Rr5jubKkcrg,2024-06-15 03:16:03+00:00,Teaching A Vtuber Yugioh Master Duel W/ @RunieRuse,Support Nova here! â½ https://streamlabs.com/novaaokamichvreverie Chaotic Frost Dragon part of VReverie's 1st Generation ...,https://i.ytimg.com/vi/Rr5jubKkcrg/default.jpg,en,public,7251.0,True,"vtuber,envtuber,nova aokami,vreverie,nova vreverie,Yu-Gi-Oh,card games,master duel,yugioh master duel,vtubers,yugioh,trading card game,ygo,yu-gi-oh master duel,tcg,yugioh master duel gameplay,yugioh stream,yugioh master duel meta",9485.0,747.0,0.0,18.0,False,20,"Action_game,Role-playing_video_game,Video_game_culture",2024-06-15 01:03:57+00:00,,2024-06-15 01:00:00+00:00,UCA4bOB1Jnw5-lbuoSCfxc-w,Nova Aokami Ch. [VReverie],2022-01-04 14:51:54.286769+00:00,SG,UUA4bOB1Jnw5-lbuoSCfxc-w,https://www.youtube.com/channel/UCA4bOB1Jnw5-lbuoSCfxc-w,http://www.youtube.com/@NovaAokami,"Chaotic Frost Dragon of VReverie's 1st Generation

Follow me on Twitter:
â½ Twitter - @NovaAokami

VReverie
â½ Official Website - https://v-reverie.com/
â½ Official Twitter - @VReverieLive
â½ Merchandise - https://v-reverie.com/product-category/nova-aokami/",@novaaokami,"master duel,yugioh,Nova VTuber,yugioh nova,yugioh vtuber,nova aokami,nova aokomi,nova vreverie,yugioh streamer,tcg streamer,tcg live stream,VTuber,tcg,trading card game,tcg online,VReverie",True,False,"Role-playing_video_game,Video_game_culture,Action_game",6524722.0,655.0,68000.0
vtuber,8.0,VbtJyvacbRI,2022-12-30 03:57:41+00:00,The Cutest Vtuber (Full Episode) | @chikafujilisa,ï¾‰ OHAYOOOOOOOOOO âœ–ï¸Read me!!! âœ–ï¸ oh my gahd is that THE. CHIIIIIIKAFUJIII LIIIIIIIIIIIISA?! Tipipkin ...,https://i.ytimg.com/vi/VbtJyvacbRI/default.jpg,en,public,7423.0,False,,57428.0,3001.0,0.0,104.0,False,23,Entertainment,2022-12-30 01:00:14+00:00,,2022-12-30 01:00:00+00:00,UCJ46YTYBQVXsfsp8-HryoUA,Pipkin Pippa Ch.ã€Phase Connectã€‘,2021-03-19 09:31:02.684005+00:00,US,UUJ46YTYBQVXsfsp8-HryoUA,https://www.youtube.com/channel/UCJ46YTYBQVXsfsp8-HryoUA,http://www.youtube.com/@PipkinPippa,"ğ™¥ğ™ğ™¥ğ™ğ™¥ğ™ğ™¥ğ™ğ™¥ğ™ğ™¥ğ™ğ™¥ğ™
hi

Official Website: https://phase-connect.com/
Official Twitter: https://twitter.com/PhaseConnect 
",@pipkinpippa,"phase-connect,phase connect,vtuber,envtuber,pippa,pipkin,pippa pipkin,pipkin pippa,en vtuber,vtuber debut",True,False,"Action_game,Video_game_culture,Role-playing_video_game",48117494.0,917.0,337000.0
vtuber,9.0,yBz225e4RNc,2024-05-25 04:06:52+00:00,â€œDenauthâ€ VTuber Debut Program hosted by Doppio &amp; Vantacrowã€NIJISANJI ENã€‘,Celebrating the debut of NIJISANJI EN newest VTuber group â€œDenauthâ€! Join us on this special debut live streaming program!,https://i.ytimg.com/vi/yBz225e4RNc/default.jpg,en,public,7083.0,True,,134179.0,,0.0,56.0,False,24,Video_game_culture,2024-05-25 02:00:33+00:00,,2024-05-25 02:00:00+00:00,UC-JSeFfovhNsEhftt1WHMvg,NIJISANJI EN Official,2020-04-17 08:23:48.315952+00:00,JP,UU-JSeFfovhNsEhftt1WHMvg,https://www.youtube.com/channel/UC-JSeFfovhNsEhftt1WHMvg,http://www.youtube.com/@nijisanji_en,"Welcome to the NIJISANJI EN official YouTube channel! Find the best of your favorite NIJISANJI & NIJISANJI EN Livers, including official highlights, clips, music, events, and more! 


â—†About NIJISANJI
With over 150 Livers, NIJISANJI is one of the worldâ€™s most successful VTuber projects. Starting in Japan, itâ€™s now active in Asia and around the world.

As part of parent company ANYCOLOR Inc., our mission is to bring â€œA New Magical Experienceâ€ to the digital entertainment economy and spread Japanâ€™s VTuber culture around the world. 
",@nijisanji_en,"ã«ã˜ã•ã‚“ã˜,nijisanji,NIJISANJI EN,NIJISANJI English,LazuLight,envtuber,Vtuber,vtuber,virtual youtuber,anime,OBSYDIA,Ethyria,Luxiem,Noctyx,ILUNA,XSOLEIL,Elira Pendora,Pomu Rainpuff,Finana Ryugu,Selen Tatsuki,Petra Gurin,Rosemi Lovelock,Reimu Endou,Nina Kosaka,Millie Parfait,Enna Alouette,Vox Akuma,Ike Eveland,Luca Kaneshiro,Shu Yamino,Mysta Rias,Sonny Brisko,Fulgur Ovid,Alban Knox,Uki Violeta,Ren Zotto,Scarle Yonaguni,Maria Marionette,Kyo Kaneko",True,False,"Entertainment,Video_game_culture",212843613.0,858.0,777000.0
vtuber,10.0,S6_ox6I_tKI,2023-04-07 11:01:31+00:00,ğŸ”´ LIVE: Aku Bikin Robot VTuber Super Cerdas Buat Nemenin Ngabuburit...,"Donate: https://saweria.co/fajrulfx Channel Marie-chan: https://www.youtube.com/@MarieChanAI Di live stream kali ini, kita akan ...",https://i.ytimg.com/vi/S6_ox6I_tKI/default.jpg,id,public,6042.0,True,"Fajrul Fx,sains,indonesia,fisika,vtuber,vtuber indonesia,hololive,hololive indonesia,kobo kanaeru",179109.0,9303.0,0.0,495.0,False,22,,2023-04-07 08:56:48+00:00,,2023-04-07 08:55:03+00:00,UCUYgCukQfUN2DImPYrBiV4g,Fajrul Fx,2016-06-08 11:45:33+00:00,ID,UUUYgCukQfUN2DImPYrBiV4g,https://www.youtube.com/channel/UCUYgCukQfUN2DImPYrBiV4g,http://www.youtube.com/@FajrulFx,"Halo, saya Fajrul. Saya lulusan jurusan fisika Cardiff University dan telah bekerja sebagai fisikawan di perusahaan teknologi. Di channel ini saya membuat video tentang sains, khususnya fisika, yang dikemas melalui game, anime, dan hal menarik lainnya.  

Kerjasama: fajrul@fusipustaka.com (dikelola oleh tim)
Join Discord: Intergalactic Science Kingdom (https://discord.gg/fajrulfx)
About me: https://fajrulfx.com

",@fajrulfx,"science,education,popular science,physics,biology,chemistry,mathematics",True,False,"Entertainment,Knowledge",129721018.0,282.0,1040000.0
vtuber,11.0,mD0EdaQI-vI,2024-06-20 14:42:52+00:00,ã€HENRY STICKMINã€‘Sá»©a lÃ m ngÆ°á»i que nhÆ°ng nÃ³ láº¡ láº¯m...ã€#suwakonao #vtuber #games #stickminã€‘,shell:Support me at:shell: Donate vÃ  á»§ng há»™ cho Suwa táº¡i: ( hÃ£y chá» vÃ i giÃ¢y Ä‘á»ƒ thÃ´ng bÃ¡o donate hiá»‡n lÃªn stream nhÃ©) ...,https://i.ytimg.com/vi/mD0EdaQI-vI/default.jpg,vi,public,3631.0,True,"#SuwakoNao,#vtuber,#vtubervn,vtuberVietNam,Vtuberidol,vtuverstream,sá»©a,suwa co nao,Youtuber áº£o,LIVE2D,GAME THá»¦,con sá»©a,gamer,idol,Streamer,Singer,talkshow,streamer,anime,suwakonao,vsinger,#vsinger,gÃ¡i anime,gÃ¡i 2d,manga,#streamer,memes,#memes,#suaconao,#vietuber,game,#trollgame,Sá»©a cÃ³ NÃ£o,hÃ¡t,#singing,collab",4404.0,526.0,0.0,11.0,False,20,"Casual_game,Video_game_culture",2024-06-20 13:37:25+00:00,,2024-06-20 13:36:47+00:00,UC2VxkfMItkdPH4LGRtraHsA,Sá»©a CÃ³ NÃ£oã€Vietuberã€‘,2021-10-22 13:49:51.760110+00:00,VN,UU2VxkfMItkdPH4LGRtraHsA,https://www.youtube.com/channel/UC2VxkfMItkdPH4LGRtraHsA,http://www.youtube.com/@suaconao,"Vtuber Sing & Gaming thuá»™c Vietuber Production.
TÃ´i lÃ  má»™t con Sá»©a, má»™t con Sá»©a CÃ³ NÃ£o, báº¡n cÃ³ thá»ƒ gá»i tÃ´i lÃ  Sá»©a! - ThÃ nh viÃªn Ä‘áº§u tiÃªn thuá»™c Vietuber Production!
Sá»©a sá»‘ng dÆ°á»›i Ä‘áº¡i dÆ°Æ¡ng vÃ  áº©n mÃ¬nh hÃ ng trÄƒm triá»‡u nÄƒm qua vÃ  tiáº¿n hÃ³a trá»Ÿ nÃªn cÃ³ bá»™ nÃ£o thÃ´ng minh (nÃªn tÃ´i lÃ  Sá»©a cÃ³ nÃ£o)

ğŸª¼YoutubeğŸª¼
https://www.youtube.com/channel/UC2VxkfMItkdPH4LGRtraHsA

ğŸª¼FacebookğŸª¼
https://www.facebook.com/SuwakoNao

ğŸª¼Tik tokğŸª¼
https://www.tiktok.com/@suwakonaofake
",@suaconao,"Sá»©a cÃ³ nÃ£o,vtuber viet nam,Sua co nao,Sua co nao cover,vtuber,vtuber singer,vtuber sua co nao,vtuber sá»©a cÃ³ nÃ£o,Sá»©a Chanel,Sá»©a cÃ³ nÃ£o hÃ¡t,Sá»©a cÃ³ nÃ£o chÆ¡i game,Sá»©a co nao hat,Sá»©a co nao sing,2d,streamer,live 2d,livestream,trá»±c tiáº¿p,vtuber trá»±c tiáº¿p,sá»©a cÃ³ nÃ£o funny,sá»©a cÃ³ nÃ£o clip,sá»©a cÃ³ hÃ£o,sÆ°a no nao free talk,vietuber,vietuber production,vtuber vietuber,vietuber studio,sá»©a cÃ³ nÃ£o vietuber studio",True,False,Video_game_culture,9235509.0,294.0,62700.0
vtuber,12.0,YXhFAJfqAFg,2023-04-29 09:28:34+00:00,ã€ANIMAL CROSSINGã€‘MALE VTUBER TRIES ANIMAL CROSSING FOR THE FIRST TIMEã€NIJISANJI EN | Luca Kaneshiroã€‘,I am mean and scary like an evil mafia boss (ã„ã˜ã‚ã‚‹ ã§ ã‚ãã¾ã®ã‚ˆã†ã«ã“ã‚ã„ ãƒãƒ•ã‚£ã‚¢ã®ãƒœã‚¹ã§ã™) ã€STREAMLABSã€‘ ...,https://i.ytimg.com/vi/YXhFAJfqAFg/default.jpg,,public,13116.0,True,"vtuber,male vtuber,nijisanji,nijisanji en,ã«ã˜ã•ã‚“ã˜,envtuber,english vtuber,English,Luxiem,Ike Eveland,Mysta Rias,Shu Yamino,Luca Kaneshiro,Vox Akuma,LazuLight,OBSYDIA,Ethyria,pog,crazy,insane,game,gamer,minecraft,among us,vr,sussy,elden ring,drama,NINTENDO",132745.0,8918.0,0.0,143.0,False,22,"Role-playing_video_game,Video_game_culture",2023-04-29 04:17:20+00:00,,2023-04-29 04:15:00+00:00,UC7Gb7Uawe20QyFibhLl1lzA,Luca Kaneshiroã€NIJISANJI ENã€‘,2021-11-30 23:14:41.881427+00:00,JP,UU7Gb7Uawe20QyFibhLl1lzA,https://www.youtube.com/channel/UC7Gb7Uawe20QyFibhLl1lzA,http://www.youtube.com/@LucaKaneshiro,"NIJISANJI EN's first male wave #Luxiem
Make sure to check out my channels and streams. OR ELSE.

â–  For more information, visit:
 ãƒ» NIJISANJI Official YouTube (EN): https://www.youtube.com/channel/UC-JSeFfovhNsEhftt1WHMvg 
 ãƒ» NIJISANJI Official Twitch: https://www.twitch.tv/nijisanji_en
 ãƒ» NIJISANJI Official Twitter (English account): https://twitter.com/NIJISANJI_World
 ãƒ» ANYCOLOR Official Website: https://www.anycolor.co.jp/
 ãƒ» NIJISANJI Official Reddit: https://www.reddit.com/r/Nijisanji/
 ãƒ» NIJISANJI Official Instagram: https://instagram.com/nijisanji_en
 ãƒ» NIJISANJI Official Tiktok: https://www.tiktok.com/@nijisanji_en?lang=en
 ãƒ» NIJISANJI Official Facebook (English account): https://www.facebook.com/nijisanji.official/
 ãƒ» NIJISANJI Official YouTube (JP): https://www.youtube.com/channel/UCX7YkU9nEeaoZbkVLVajcMg
 ãƒ» For Business and PR Inquiries: https://www.anycolor.co.jp/en/contact
",@lucakaneshiro,,True,False,"Action_game,Action-adventure_game,Role-playing_video_game,Video_game_culture",102666291.0,546.0,1040000.0
vtuber,13.0,5fmOD7LZpY0,2024-06-20 09:07:40+00:00,ã€Karaoke æ­Œæ ã€‘ Mbeng nyanyi sore!!! ğŸ (Vtuber Indonesia),Traktir Alia susu : https://trakteer.id/Aliaadelia Saweria (buat mediashare) : https://saweria.co/AliaAdeliah ----- Tolong dibaca ...,https://i.ytimg.com/vi/5fmOD7LZpY0/default.jpg,en-US,public,6627.0,False,,,445.0,0.0,3.0,False,24,"Music,Music_of_Asia",2024-06-20 09:08:05+00:00,,2024-06-20 09:07:40+00:00,UCK4t1P3Aqqe6NDyRS92Opcg,Alia Adeliaã€MAHA5ã€‘,2020-02-14 19:41:21.097134+00:00,JP,UUK4t1P3Aqqe6NDyRS92Opcg,https://www.youtube.com/channel/UCK4t1P3Aqqe6NDyRS92Opcg,http://www.youtube.com/@AliaAdeliaCh,"Selamat pagi, selamat siang, selamat sore, selamat malam. Alia Adelia di sini. ğŸ˜Œ
Aku suka bikin video ga jelas, tapi dengan tujuan yg jelas, yaitu menghibur kalian, ehe~
Semoga kamu bisa senyum liat video-videoku!ğŸ˜¤
-----
ãŠã¯ã‚ˆã†ã”ã–ã„ã¾ã™ï¼ã‚¢ãƒªã‚¢ãƒ»ã‚¢ãƒ‡ãƒªã‚¢ã¨ç”³ã—ã¾ã™ã€‚ğŸ˜Œ
ã¿ã‚“ãªãŒæ¥½ã—ã‚ã‚‹å‹•ç”»ã‚’ä½œã‚ŠãŸã„ã§ã™ï¼ æ—¥æœ¬èªã§è©±ã™å‹•ç”»ã‚‚ã¡ã‚‡ã“ã¡ã‚‡ã“ä½œã£ã¦ã¾ã™ã€‚
ã‚ˆã‘ã‚Œã°ãƒãƒ©è¦‹ã§ã‚‚ã—ã¦ãã ã•ã„ï¼ã‚ˆã‚ã—ããŠé¡˜ã„ã„ãŸã—ã¾ã™ï¼ğŸ˜¤
------------------------------------------------------------------------------------

ğŸ Sosmed Official ğŸ
- Instagram : https://www.instagram.com/aliaadelia.v/
- Twitter : https://twitter.com/aliaadelia_v
- Facebook : https://www.facebook.com/aliaadelia.v
------------------------------------------------------------------------------------

ğŸ Email (for business) ğŸ
- mahapancaofficial+alia@gmail.com
------------------------------------------------------------------------------------

ğŸ Hashtag ğŸ
- General : #aliaadelia
- Untuk fanart : #aliaadelia_art
- Fanname & mark : #kambengrebahan ğŸğŸ›ï¸
------------------------------------------------------------------------------------",@aliaadeliach,"vtuber,virtual youtuber,indonesia,anime,vtuber indonesia,meme,video lucu,gaming,youtuber indonesia,alia adelia,maha5",True,False,"Role-playing_video_game,Action_game,Action-adventure_game,Video_game_culture,Entertainment",47504479.0,878.0,563000.0
vtuber,14.0,fBQbbEHKVis,2023-05-25 06:04:59+00:00,ã€The Beginner&#39;s Guideã€‘The Beginner&#39;s Guide to...being a vTuber?,"Is the narrator back? ~  ã€ Donation Page ã€‘  ~ https://streamelements.com/chisakaairi-8617/tip Unless stated otherwise, ...",https://i.ytimg.com/vi/fBQbbEHKVis/default.jpg,en,public,12101.0,True,"Phase Connect,vtuber,ENVtuber,virtual youtuber,youtuber,vtubers,envtubers,jpvtubers,envtuber,vtuberEN,english,japanese,group,virtual,PhaseConnect,Phase-Connect,Tenma Maemi,Fujikura Uruka,Pipkin Pippa,Hakushika Iori,Utatane Nasa,Shisui Michiru,Ashelia Rinkou,ãƒ”ãƒƒãƒ—ã‚­ãƒ³ ãƒ”ãƒƒãƒ‘,å¤©æº€ ãƒã‚¨ãƒŸ,ç™½é¹¿ã„ãŠã‚Š,ç´«ç¿ ã¿ã¡ã‚‹,è—¤å€‰ã‚¦ãƒ«ã‚«,è»¢å¯ãƒŠã‚µ,éˆ´é¦™ ã‚¢ã‚·ã‚§ãƒªã‚¢,Komachi Panko,Erina Makina,Chisaka Airi,Amanogawa Shiina,Himemiya Rie,Remilia Nephys,å°ç”ºã±ã‚“ã“,åƒå‚ã‚¢ã‚¤ãƒª,zatsudan,lets talk,ë²„íŠœë²„,adventure,interactive,lets chat",4531.0,528.0,0.0,27.0,False,20,Video_game_culture,2023-05-25 02:00:14+00:00,,2023-05-25 02:00:00+00:00,UC5qlAhrec6-0J-K3zmhNPPQ,Airi Ch. åƒå‚ ã‚¢ã‚¤ãƒªã€Phase Connectã€‘,2022-02-06 16:23:18.105222+00:00,,UU5qlAhrec6-0J-K3zmhNPPQ,https://www.youtube.com/channel/UC5qlAhrec6-0J-K3zmhNPPQ,http://www.youtube.com/@ChisakaAiri,"KonAiri!!! Lieutenant General of Phase Army, Chisaka Airi, reporting for duty o7!

Tags:
Art Tag: #Airirkgk
Meme Tag: #AiMeme
Live: #ChisakaLive
Fan Name: Airiheads

Official Website: https://phase-connect.com/
Official Twitter: https://twitter.com/PhaseConnect
Official Discord: https://discord.gg/cJDuPpVkUt
",@chisakaairi,,True,False,"Action_game,Video_game_culture,Role-playing_video_game",2736366.0,482.0,50000.0
vtuber,15.0,6-RMbWren1Y,2022-11-09 00:50:07+00:00,Are You SMARTER than a VTUBER? Gameshow,Welcome to Nijisanji EN's Are You SMARTER than a VTUBER? Gameshow. Today I will be joined by all of ILUNA & various ...,https://i.ytimg.com/vi/6-RMbWren1Y/default.jpg,en,public,5481.0,True,"nijisanji_en,nijisanji,ã«ã˜ã•ã‚“ã˜,iluna,luxiem,ethyria,obsydia,lazulight,male vtuber,vtuber,envtuber,english vtuber,kyo kaneko,kyo,kaneko,nijisanji en,are you smarter than a vtuber,are you smarter than a vtuber gameshow,nijisanji gameshow,are you smarter than a 5th grader,nijisanji are you smarter than a vtuber,smarter than vtuber,smarter than 5th grader",163392.0,12461.0,0.0,147.0,False,24,"Entertainment,Television_program",2022-11-08 23:12:24+00:00,,2022-11-08 23:15:00+00:00,UCsb-1aJgiJXJH2feV-zlZRw,Kyo Kaneko ã€NIJISANJI ENã€‘,2022-07-06 00:48:12.704713+00:00,JP,UUsb-1aJgiJXJH2feV-zlZRw,https://www.youtube.com/channel/UCsb-1aJgiJXJH2feV-zlZRw,http://www.youtube.com/@KyoKaneko,"Wassup I'm Kyo! Chaotic 1st Year from ILUNA Institute of the Mystics!
My primary goal in life is to always have fun and 
make others laugh.

Twitter: https://www.twitter.com/kyokanek0
 

For more information, visit:
 ãƒ» NIJISANJI Official YouTube (EN): https://www.youtube.com/channel/UC-JSeFfovhNsEhftt1WHMvg 
 ãƒ» NIJISANJI Official Website / https://www.nijisanji.jp/en
 ãƒ» NIJISANJI Official Twitter (English account): https://twitter.com/NIJISANJI_World
 ãƒ» ANYCOLOR Official Website: https://www.anycolor.co.jp/
 ãƒ» Guidance For Minors: https://www.anycolor.co.jp/notice-for-minors-en 

For Business and PR Inquiries :
https://www.anycolor.co.jp/en/contact

",@kyokaneko,"nijisanji_en,nijisanji,ã«ã˜ã•ã‚“ã˜,iluna,male vtuber,vtuber,envtuber,english vtuber,kyo kaneko,kyo,kaneko,gameplay,anime",True,False,"Action-adventure_game,Action_game,Role-playing_video_game,Video_game_culture,Casual_game",27443945.0,465.0,420000.0
vtuber,16.0,7Mt4CJx7h10,2022-05-22 19:00:27+00:00,ã€LOST ARKã€‘I Will Make The Prettiest Character EVERã€VTUBERã€‘,why are all these characters so gorgeous You can help support Lilrya through tips here!,https://i.ytimg.com/vi/7Mt4CJx7h10/default.jpg,,public,9707.0,True,"vtuber,envtuber,vreverie,lilrya prisvielle,lilrya vreverie",2935.0,186.0,0.0,38.0,False,20,"Action-adventure_game,Action_game,Role-playing_video_game,Video_game_culture",2022-05-22 16:01:19+00:00,,2022-05-22 16:00:00+00:00,UCt7vm-7hlwPcYsRacX7QJYw,Lilrya Prisvielle Ch. [VReverie],2022-01-04 14:58:29.862345+00:00,SG,UUt7vm-7hlwPcYsRacX7QJYw,https://www.youtube.com/channel/UCt7vm-7hlwPcYsRacX7QJYw,http://www.youtube.com/@LilryaPrisvielle,"Royal Succubus Princess of VReverie's 1st Generation~ Gimme some tasty snacks!

Follow me on Twitter:
â¥ Twitter - @LilryaVReverie

VReverie
â¥ Official Website - https://v-reverie.com/
â¥ Official Twitter - @VReverieLive
",@lilryaprisvielle,"vtuber,envtuber,virtual youtuber,virtual streamer,vreverie",True,False,"Action_game,Action-adventure_game,Role-playing_video_game,Video_game_culture",1400902.0,451.0,26800.0
vtuber,17.0,ngRsNczIqLY,2022-02-18 05:10:47+00:00,ã€NEEDY STREAMER OVERLOADã€‘ THE VTUBER LIFE? ã€NIJISANJI EN | Finana Ryuguã€‘,"WARNING ! Some scenes may have intense flashing and sensitive topics such as self-harm, suicide, drug abuse, etc., and may ...",https://i.ytimg.com/vi/ngRsNczIqLY/default.jpg,en,public,20336.0,True,"NIJISANJI,NIJISANJI_EN,VTuber,ENVTuber,LazuLight,Finana Ryugu,Finana,Ryugu,ã«ã˜ã•ã‚“ã˜,NIJISANJIEN,Game,Gaming,Gameplay,anime,Story,Virtual YouTuber,Petra Gurin,Rosemi Lovelock,Selen Tatsuki,Pomu Rainpuff,Elira Pendora,Mermaid,Ethryia,Reimu Endou,Nina Kosaka,Enna Alouette,Millie Parfait,OBSYDIA,Luxiem,NEEDY STREAMER OVERLOAD,Visual Novel,Psychological Horror,Cute,Pixel,Streamer,English,Mysta Rias,Luca Kaneshiro,Vox Akuma,Shu Yamino,Ike Eveland,OMGkawaiiAngel",82752.0,5843.0,0.0,72.0,False,20,"Role-playing_video_game,Video_game_culture",2022-02-17 23:00:18+00:00,,2022-02-17 23:00:00+00:00,UCu-J8uIXuLZh16gG-cT1naw,Finana Ryugu ã€NIJISANJI ENã€‘,2021-04-22 00:08:11.562294+00:00,JP,UUu-J8uIXuLZh16gG-cT1naw,https://www.youtube.com/channel/UCu-J8uIXuLZh16gG-cT1naw,http://www.youtube.com/@FinanaRyugu,"Hi! Iâ€™m Finana Ryugu! 
A mermaid who spends my time with the tropical fish in the sea of coral reefs.
I have a heart as clear and pure as the calm and beautiful sea. 

ã€Hashtagsã€‘
ãƒ»GENERAL: #FinanaRyugu / #ãƒ•ã‚£ãƒŠãƒ¼ãƒŠç«œå®®
ãƒ»LIVE: #FinanaLive
ãƒ»SFW ART: #Finanart / R-18: #Ryugasm
ãƒ»THUMBNAIL/ASSETS: #Ryugraphics
ãƒ»FAN NAME: #Ryuguards
ãƒ»MEMES: #Finameme
ãƒ»GROUP: #LazuLight

ã€Socialsã€‘
https://twitter.com/FinanaRyugu
https://www.reddit.com/user/Finana_Ryugu
https://www.twitch.tv/finanaryugu/

ã€Membership Emotesã€‘
ãƒ» YT Membership Emote Art - Kairui (https://twitter.com/Kairuichan)
ãƒ» YT Membership ""Finana_Amogus"" Emote - Melonbread (https://twitter.com/MelonbreadFBP)

ã€Official ã«ã˜ã•ã‚“ã˜ NIJISANJI Sitesã€‘
ãƒ»Website: https://www.nijisanji.jp/en
ãƒ»ANYCOLOR: https://www.anycolor.co.jp/en
ãƒ»Twitter: https://twitter.com/NIJISANJI_World
ãƒ»YouTube (EN): https://www.youtube.com/channel/UC-JSeFfovhNsEhftt1WHMvg 
ãƒ»Twitch: https://www.twitch.tv/nijisanji_en

#NIJISANJI #NIJISANJIEN #NIJISANJIEnglish #NIJISANJI_EN
",@finanaryugu,"Finana Ryugu,ãƒ•ã‚£ãƒŠãƒ¼ãƒŠ ç«œå®®,ã«ã˜ã•ã‚“ã˜,nijisanji,NIJISANJI EN,NIJISANJI English,LazuLight,Elira Pendora,Pomu Rainpuff,envtuber,Vtuber,vtuber,virtual youtuber,anime,Rosemi Lovelock,Petra Gurin,Selen Tatsuki,Ethryia,OBSYDIA,Nina Kosaka,Enna Alouette,Reimu Endou,Millie Parfait,Luxiem,Noctyx,ILUNA,English,EN,XSOLEIL,NIJIKrisis",True,False,"Action_game,Action-adventure_game,Role-playing_video_game,Video_game_culture",46596956.0,805.0,496000.0
vtuber,18.0,HNnsgEWV0GI,2024-06-15 18:08:44+00:00,ã€æ­Œæ /KARAOKEã€‘BABYMETALå¤§å¥½ãVtuberã€æ­Œã„ã¾ã™ğŸ¦ŠğŸ…ğŸ¤˜ #ã‚¦ã‚¿ãƒãƒ©ã‚¤ãƒ– ã€Vtuber/Vsingerã€‘,Vsinger #BEBYMETAL #ãƒ™ãƒ“ãƒ¡ã‚¿ âš¡- - - - - - - - - - - - - - - - - - - - - - - - - âš¡ æ­Œã§æ²¢å±±ã®äººã®å¿ƒã‚’å‹•ã‹ã—ãŸã„ã€‚ ãƒãƒ¼ãƒãƒ£ãƒ«æ­Œã„æ‰‹ ...,https://i.ytimg.com/vi/HNnsgEWV0GI/default.jpg,,public,7031.0,False,"Vtuber,æ–°äººVtuber,ç™½ç–ã‚¦ã‚¿ãƒ,å‡°ç‰™ã‚‹ã,æ¡ƒæœˆã¯ã,æ˜Ÿè¡£æœªç©ºè‰,æ­Œã„æ‰‹,æ–°äººæ­Œã„æ‰‹,æ­Œã£ã¦ã¿ãŸ,ã‚«ãƒ©ã‚ªã‚±é…ä¿¡,æ­Œæ ,é…ä¿¡è€…,å¥³æ€§é…ä¿¡è€…,ã‚«ãƒ©ã‚ªã‚±æ­Œæ ,ç”Ÿæ”¾é€,ç”Ÿé…ä¿¡,ã‚²ãƒ¼ãƒ å®Ÿæ³,ASMR,ã‚®ã‚¿ãƒ¼å¥³å­,å¼¾ãèªã‚Š,ã‚®ã‚¿ãƒ¼ã‚¬ãƒ¼ãƒ«,ã‚¢ã‚³ã‚®å¼¾ãèªã‚Š,ã‚¢ã‚³ãƒ¼ã‚¹ãƒ†ã‚£ãƒƒã‚¯,Vtuber æ­Œæ ,Vtuber æ­Œã£ã¦ã¿ãŸ,UniVIRTUAL",10643.0,1426.0,0.0,101.0,False,10,"Music,Music_of_Asia",2024-06-15 16:00:36+00:00,,2024-06-15 16:00:00+00:00,UCNskpCCH661BeRJkN8n8d-A,UTANO ch. ç™½ç–ã‚¦ã‚¿ãƒ,2022-12-03 21:03:48.407694+00:00,JP,UUNskpCCH661BeRJkN8n8d-A,https://www.youtube.com/channel/UCNskpCCH661BeRJkN8n8d-A,http://www.youtube.com/@UTANOch,"éŸ³æ¥½ã‚’è»¸ã«ã€å¤¢ã‚’ä¸€ç·’ã«å¶ãˆã‚‹äº‹å‹™æ‰€
""UniVIRTUAL""æ‰€å±

æ­Œã§æ²¢å±±ã®äººã®å¿ƒã‚’å‹•ã‹ã—ãŸã„ã€‚
ãƒãƒ¼ãƒãƒ£ãƒ«æ­Œã„æ‰‹
ç™½ç–ã‚¦ã‚¿ãƒ(ã—ã‚‰ãŸã¾ã†ãŸã®)ã§ã™ğŸ’âš¡

ã‚¢ã‚³ã‚®å¼¾ãèªã‚Šé…ä¿¡ãƒ»ã‚«ãƒ©ã‚ªã‚±é…ä¿¡ã‚’ä¸­å¿ƒã«æ´»å‹•.áŸ.áŸ.áŸ

ã„ã¤ã§ã‚‚å…¨åŠ›ã§æ­Œã£ã¦ã‚‹ã®ã§
æ¥½ã—ã¿ãŸã„æ™‚ã€è½ã¡è¾¼ã‚“ã æ™‚ã€ä¸€äººã§ã„ãŸããªã„æ™‚ã€ã„ã¤ã§ã‚‚èãã«æ¥ã¦ã­â€¦IË™ê’³â€‹Ë™)ğŸ’­

- - - - - - - - - - - - - - - - - - - - - - - - - -

ã‚¤ãƒ©ã‚¹ãƒˆãƒ¬ãƒ¼ã‚¿ãƒ¼æ§˜ / lackãƒ‘ãƒ‘
ï¼’D ãƒ¢ãƒ‡ãƒ©â€•æ§˜ã€€/ ç¨²ç”Ÿä¹ƒè¡£ãƒãƒ

",@utanoch,,True,False,"Music_of_Asia,Music,Video_game_culture",5409983.0,336.0,119000.0
vtuber,19.0,ENNTj5Id_HM,2022-08-09 19:22:27+00:00,ã€SOUL SILVER RANDOMIZER NUZLOCKEã€‘Starting Another Journey!ã€VTUBERã€‘,ARE YOU READY FOR MORE SUFFERING You can help support Lilrya through tips here!,https://i.ytimg.com/vi/ENNTj5Id_HM/default.jpg,,public,10922.0,True,"vtuber,envtuber,vreverie,lilrya prisvielle,lilrya vreverie",4125.0,265.0,0.0,47.0,False,20,"Action-adventure_game,Role-playing_video_game,Video_game_culture",2022-08-09 16:00:44+00:00,,2022-08-09 16:00:00+00:00,UCt7vm-7hlwPcYsRacX7QJYw,Lilrya Prisvielle Ch. [VReverie],2022-01-04 14:58:29.862345+00:00,SG,UUt7vm-7hlwPcYsRacX7QJYw,https://www.youtube.com/channel/UCt7vm-7hlwPcYsRacX7QJYw,http://www.youtube.com/@LilryaPrisvielle,"Royal Succubus Princess of VReverie's 1st Generation~ Gimme some tasty snacks!

Follow me on Twitter:
â¥ Twitter - @LilryaVReverie

VReverie
â¥ Official Website - https://v-reverie.com/
â¥ Official Twitter - @VReverieLive
",@lilryaprisvielle,"vtuber,envtuber,virtual youtuber,virtual streamer,vreverie",True,False,"Action_game,Action-adventure_game,Role-playing_video_game,Video_game_culture",1400902.0,451.0,26800.0
vtuber,20.0,pXQFXqKz7kY,2024-06-16 13:29:10+00:00,ã€ãƒã‚±ã‚«ã€‘ç¬¬1å›ãƒã‚±ã‚«Vtuberå››å¤©ç‹æ±ºå®šæˆ¦,8åã®ãƒã‚±ã‚«Vtuberã«ã‚ˆã‚‹ãƒªãƒ¢ãƒ¼ãƒˆå¤§ä¼š   ã€å¯¾æˆ¦å½¢å¼ã€‘ å¯¾æˆ¦å½¢å¼ï¼š1è©¦åˆ2æœ¬å…ˆå–ã«ã‚ˆã‚‹ãƒ€ãƒ–ãƒ«ã‚¨ãƒªãƒŸãƒãƒ¼ã‚·ãƒ§ãƒ³ãƒˆãƒ¼ãƒŠãƒ¡ãƒ³ãƒˆ ...,https://i.ytimg.com/vi/pXQFXqKz7kY/default.jpg,,public,39325.0,False,,13225.0,197.0,0.0,0.0,False,24,"Role-playing_video_game,Video_game_culture",2024-06-16 01:59:38+00:00,,2024-06-16 02:00:00+00:00,UC4AWzW7sSv7HZ-pfsBIG4AQ,â›©çœŸç¥ æ™´â›©ï¼Makami Hare,2021-07-27 17:08:33.529489+00:00,,UU4AWzW7sSv7HZ-pfsBIG4AQ,https://www.youtube.com/channel/UC4AWzW7sSv7HZ-pfsBIG4AQ,http://www.youtube.com/@makamihare,"ãŠåˆã«ãŠç›®ã«ã‹ã‹ã‚‹ï¼ãŒãã‚“ã¡ã‚‡ç¥æ§˜ç³»Vtuberã®çœŸç¥ æ™´(ã¾ã‹ã¿ ã¯ã‚Œï¼‰ãªã®ã˜ã‚ƒï¼
é•·å¹´å¼•ãã“ã‚‚ã£ã¦ã„ã‚‹é–“ã«ã™ã£ã‹ã‚Šè–„ã‚ŒãŸä¿¡ä»°å¿ƒã‚’å–ã‚Šæˆ»ã™ãŸã‚â€¦çœŸç¥ç¥ç¤¾ã‚’å†èˆˆã™ã‚‹ãŸã‚â€¦
ã“ã®ä¸–ç•Œã«ã‚„ã£ã¦ããŸã‚“ã˜ã‚ƒï½ï¼â˜€

æ™®æ®µã¯ãƒŸãƒ‹å››é§†èµ°ã‚‰ã›ãŸã‚Šãƒ™ã‚¤ãƒ–ãƒ¬ãƒ¼ãƒ‰å›ã—ãŸã‚Šã€ãƒ›ãƒ“ãƒ¼ã§éŠã¶ã®ãŒå¥½ãã˜ã‚ƒï¼
ç”Ÿé…ä¿¡ã§ã¯ã‚²ãƒ¼ãƒ å®Ÿæ³ã‚„æ­Œã‚’æ­Œã£ãŸã‚Šã—ã¦ãŠã‚‹ã‚ˆï½ã£ï¼ã‚ã¨å¤§å–œåˆ©ä¼šå ´ã¨åŒ–ã—ãŸãƒã‚·ãƒ¥ãƒãƒ­ã‚’é£Ÿã¹ã¦ï½’â€¦

æ¨ã—ã¨ã„ã†å­˜åœ¨ã‚’è¶…ãˆã¦
ã¾ã‚‹ã§å‹é”ã€ã„ã‚„ã€å¹¼é¦´æŸ“ã¿ãŸã„ã«ãŠä¸»ã¨ä¸€ç·’ã«éŠã‚“ã§ã„ã‘ã‚‹ãã‚‰ã„è¿‘ã„å­˜åœ¨ã®ç¥æ§˜ã§ã‚ã‚ŠãŸã„ï¼

ãƒãƒ£ãƒ³ãƒãƒ«ç™»éŒ²ã¨é«˜è©•ä¾¡ã‚’
ã‚ˆã‚ã—ããŠã­ãŒã„ã—ã¾ã™ãªã®ã˜ã‚ƒâ˜€ï¼

Hello! Nice to meet you!
My name is Hare Makami. I'm virtual god! I like boystoys.
Please subscride to my channel ! And if you like it , please thumbs up !

â›…Youtube
https://youtube.com/channel/UC4AWzW7sSv7HZ-pfsBIG4AQ?sub_confirmation=1
â›…Twitter
https://twitter.com/Makamihare
ï¸ï¸ï¸ï¸ï¸ï¸â›…ï¸ãƒ‘ãƒ‘(IXY)
https://m.youtube.com/channel/UCHPfTzszxxBC2whb9vWaHPg

ï¸ï¸ï¸â›…ï¸ä¸»ã«ä½¿ç”¨ã•ã›ã¦ã„ãŸã ã„ã¦ã‚‹ãƒãƒ£ãƒ³ãƒãƒ«
https://youtube.com/channel/UCe5l9PrFAu0BrlN76f9Nxyg
https://youtube.com/channel/UCTT44jmy7-pIGKpy-Ih8NyA
https://youtube.com/c/%E7%94%9F%E9%9F%B3%E9%A2%A8%E3%82%AB%E3%83%A9%E3%82%AA%E3%82%B1%E5%B1%8B%E3%81%95%E3%82%93
https://youtube.com/channel/UCfKNuvYhEULkddZ8sehDylA
Studio ã‚¢ã‚¹ãƒ†ãƒ­ã‚¤ãƒ‰(https://www.youtube.com/channel/UCNvA1JanA__nJrwcTEpz5zQ)

",@makamihare,,True,False,"Video_game_culture,Role-playing_video_game",245530.0,398.0,4160.0
vtuber,21.0,kc1dgbm3Hxg,2024-06-14 14:49:12+00:00,MAIN BARENG SAMA KAKAK KAKAK VTUBERğŸ˜Šã€PARTY ANIMALSã€‘,Main Bareng: @ElaineCelestia@ElaineCelestia @HarrisCaine @MikazukiArion @gingehenna @xSoutaa @GarinBubbles ...,https://i.ytimg.com/vi/kc1dgbm3Hxg/default.jpg,,public,5344.0,True,"vtuber id,vtuber re:memories,virtual youtuber baru,vtuber baru,new vtuber,virtual youtuber indonesia,vtuber indonesia,rememories,chloe pawapua,elaine celestia,cecilia lieberia,lily ifeta,reynard blanc,BFE Vtuber,Male ASMR,Deep Voice Vtuber,male vtuber roleplay,vtuber debut stream,vtuber debut,harris caine,mikazuki arion",8261.0,2070.0,0.0,4.0,False,24,"Action_game,Role-playing_video_game,Video_game_culture",2024-06-14 13:01:22+00:00,,2024-06-14 13:00:00+00:00,UCoWz6jan_0RD-Z1pk3-h9Mg,Leo Axenos Ch.ã€ Re:Memories ã€,2024-04-03 17:25:42.101096+00:00,ID,UUoWz6jan_0RD-Z1pk3-h9Mg,https://www.youtube.com/channel/UCoWz6jan_0RD-Z1pk3-h9Mg,http://www.youtube.com/@LeoAxenos,"Keselamatan keluargaku di genggaman seorang Assassin.
Aku harus melawan takdir untuk menyelamatkan keluargaku!

--------------------------------------------------------------------
â–¶ Re:Memories Official website: https://rememories.id/
â–¶ Merchandise: https://rememories.id/tokopedia
â–¶ Digital Content Store: https://rememories.id/shop
â–¶ Discord Community : https://rememories.id/discord
â–¶ Business Email: contact@rememories.id",@leoaxenos,"vtuber id,vtuber re:memories,virtual youtuber baru,vtuber baru,new vtuber,virtual youtuber indonesia,vtuber indonesia,rememories,chloe pawapua,elaine celestia,cecilia lieberia,lily ifeta,reynard blanc,BFE Vtuber,Male ASMR,Deep Voice Vtuber,Dominant roleplay",True,False,"Action_game,Role-playing_video_game,Action-adventure_game,Video_game_culture",375760.0,33.0,22500.0
vtuber,22.0,8Aiw-DszHLg,2023-03-04 02:34:10+00:00,MY MOM DOES VTUBER TRIVIA,i am lia L-I-A LIA â¢â—¥ â–­â–­â–­â–­â–­â–­ â—‡ â–­â–­â–­â–­â–­â–­ â—¤â¢ Donations link (never required but very appreciated!,https://i.ytimg.com/vi/8Aiw-DszHLg/default.jpg,,public,5747.0,True,"phase connect,rinkstart,rinkou ashelia,vtuber,envtuber",34128.0,2199.0,0.0,,False,24,Video_game_culture,2023-03-04 00:00:57+00:00,,2023-03-04 00:00:00+00:00,UCg7sW-h1PUowdiR5K4HlBew,Lia Ch.ã€Phase Connectã€‘,2021-03-19 09:14:38.737943+00:00,US,UUg7sW-h1PUowdiR5K4HlBew,https://www.youtube.com/channel/UCg7sW-h1PUowdiR5K4HlBew,http://www.youtube.com/@RinkouAshelia,"Limitless Intelligence Assistant, super charger LIA is here to brighten your day!

Graphics provided by: @ueiko_ on twitter

Official Website: https://phase-connect.com/
Official Twitter: https://twitter.com/PhaseConnect

",@rinkouashelia,"phase-connect,vtuber,envtuber,ashelia rinkou,phase connect",True,False,"Action_game,Video_game_culture,Role-playing_video_game",8546312.0,647.0,114000.0
vtuber,23.0,J3TMcr9rkKA,2022-04-11 06:47:05+00:00,(â•¯Â°â–¡Â°ï¼‰â•¯VTUBER !?,"Halo Sobat Jooomers !! Welcome to my stream!! Be sure to SUBSCRIBE, LIKE, SHARE , and also... Be RESPECTFUL !! Have fun !",https://i.ytimg.com/vi/J3TMcr9rkKA/default.jpg,id,public,13873.0,True,"the jooomers,thejooomers,the jooomers live streaming,indonesia,hans rattlexnake,hans the jooomers,jooomers gaming,the joomers,funny moment,#HANSAUR,#HANSAUR Streaming,the jooomers podcast,#OBATIDUR,#OBATIDUR The jooomers,hans the joomers,hans gabut,gaming indonesia,indonesia gaming channel,24 jam streaming indonesia,24 jam,2022,lebaran the jooomers,agama the jooomers",182421.0,10510.0,0.0,256.0,False,20,"Action-adventure_game,Action_game,Role-playing_video_game,Video_game_culture",2022-04-10 13:00:31+00:00,,2022-04-10 12:55:00+00:00,UC8aFSTbi7yYWFhcNKuey5kg,The Jooomers,2016-03-01 06:07:13+00:00,ID,UU8aFSTbi7yYWFhcNKuey5kg,https://www.youtube.com/channel/UC8aFSTbi7yYWFhcNKuey5kg,http://www.youtube.com/@TheJooomers,"Hello sobat Jooomers!!, kenalin gw Hans a.k.a Rattlexnake as #TheJooomers !! Your true gaming companion! ( I wish ), Gw adalah Game Enthusiast, gamer yang mempunyai tujuan untuk meningkatkan Kualitas dan Value pada game dan juga gamers terutama untuk INDONESIA.

Gw bakal berbagi pengalaman dalam dunia VIDEO GAMES, dan juga mengulas info - info terbaru tentang dunia game, dan yang pasti kita NGAKAK & RUSUH bareng!

What else? Gw beranjak dari Console Games, dan sepantar MOBA / FPS game kalo di Laptop, and of course Smartphone games iOS / Android, DAN Handheld Games! Sekarang gw lebih bisa flexible karena ada PC juga :)

Hope you guys find every bits of entertainment in my channel, have fun!! dan wolessssss!! :D

Gw akan berusaha untuk UPLOAD SETIAP HARI dan sering LIVE STREAM!! Let's have a game session with me :)

""Never stop playing, and keep it SLOW!!"" :) - #TheJooomers

SUBSCRIBE and PLAY with me!

Business Inquiries :
+6281222770604 ( Anne )
https://www.youtube.com/TheJooomers",@thejooomers,"Indonesia,Gaming,Channel,YouTube SEO,Indogamingchannel,YouTube Letsplay,Gameplay,videogame,console,hobby,Asia,Indonesian,Gaming Channel,Indonesia Gaming Channel,Jooomers,Jooomers Gaming,The Jooomers,hans rattlexnake,hans the jooomers,THE JOOMERS",True,False,"Role-playing_video_game,Action-adventure_game,Action_game,Video_game_culture",324541565.0,6009.0,1340000.0
vtuber,24.0,935nCiucyYw,2024-05-27 14:52:27+00:00,Review masakan kalian?!?!?! [VTuber Indonesia],VtuberIDâ€‹â€‹ #ColeCalamello #vtuberid #debut Hallo! my name is Cole Calamello! will you be my friend? Cole CalaDiscord ...,https://i.ytimg.com/vi/935nCiucyYw/default.jpg,en,public,9912.0,True,"Vtuber,vtuber indonesia,vtuberid,virtual youtuber indonesia",1168.0,191.0,0.0,5.0,False,24,"Food,Lifestyle_(sociology)",2024-05-27 12:00:32+00:00,,2024-05-27 12:00:00+00:00,UCqyX914s1cW_NwhbREvKTxA,Cole Calamello Ch.,2021-01-26 14:11:44.055581+00:00,ID,UUqyX914s1cW_NwhbREvKTxA,https://www.youtube.com/channel/UCqyX914s1cW_NwhbREvKTxA,http://www.youtube.com/@ColeCalamello,"Hallo everyone my name is Cole Calamello a Vtuber from Indonesia, i love cooking and playing video games!",@colecalamello,"Chloe Vtuber,Chloe Calamella,chloe,calamella,chloe vtuber indonesia,chloe calamella vtuber,cole calamello ch,cole calamello,cole calamello vtuber,cole,calamello,vtuber indonesia,vtuber id,vtuber,vtuber masak",True,False,"Action-adventure_game,Action_game,Role-playing_video_game,Video_game_culture",279534.0,293.0,9320.0
vtuber,25.0,1E-Y3hj0fW0,2022-09-14 06:36:58+00:00,I&#39;m Applying for a Vtuber Companyâœ¨â€‹,ï¾‰ OHAYOOOOOOOOOO âœ–ï¸Read me!!! âœ–ï¸ WAAAA Tipipkin ...,https://i.ytimg.com/vi/1E-Y3hj0fW0/default.jpg,en-US,public,15564.0,False,"hololive,pipkin,pipkin pippa,pippa,pippa ch,pippa pipkin,pippa vtuber,vtuber,vtuber live",53774.0,3571.0,0.0,110.0,False,23,,2022-09-14 00:59:57+00:00,,2022-09-14 01:00:00+00:00,UCJ46YTYBQVXsfsp8-HryoUA,Pipkin Pippa Ch.ã€Phase Connectã€‘,2021-03-19 09:31:02.684005+00:00,US,UUJ46YTYBQVXsfsp8-HryoUA,https://www.youtube.com/channel/UCJ46YTYBQVXsfsp8-HryoUA,http://www.youtube.com/@PipkinPippa,"ğ™¥ğ™ğ™¥ğ™ğ™¥ğ™ğ™¥ğ™ğ™¥ğ™ğ™¥ğ™ğ™¥ğ™
hi

Official Website: https://phase-connect.com/
Official Twitter: https://twitter.com/PhaseConnect 
",@pipkinpippa,"phase-connect,phase connect,vtuber,envtuber,pippa,pipkin,pippa pipkin,pipkin pippa,en vtuber,vtuber debut",True,False,"Role-playing_video_game,Video_game_culture,Action_game",48117494.0,917.0,337000.0
vtuber,26.0,6AKWSNgO5s4,2023-06-27 06:52:19+00:00,ã€Night Security | å¤œé–“è­¦å‚™ã€‘MALE VTUBER PLAYS A HORROR GAME ã€NIJISANJI EN | Luca Kaneshiroã€‘,who the hell turned off the thermostat it's getting hot in here nevermind false alarm found the heatsource right here ...,https://i.ytimg.com/vi/6AKWSNgO5s4/default.jpg,,public,8825.0,True,"vtuber,male vtuber,nijisanji,nijisanji en,ã«ã˜ã•ã‚“ã˜,envtuber,english vtuber,English,Luxiem,Ike Eveland,Mysta Rias,Shu Yamino,Luca Kaneshiro,Vox Akuma,LazuLight,OBSYDIA,Ethyria,pog,crazy,insane,game,gamer,minecraft,among us,vr,sussy,elden ring,drama",116973.0,7820.0,0.0,147.0,False,20,Video_game_culture,2023-06-27 04:09:19+00:00,,2023-06-27 04:05:00+00:00,UC7Gb7Uawe20QyFibhLl1lzA,Luca Kaneshiroã€NIJISANJI ENã€‘,2021-11-30 23:14:41.881427+00:00,JP,UU7Gb7Uawe20QyFibhLl1lzA,https://www.youtube.com/channel/UC7Gb7Uawe20QyFibhLl1lzA,http://www.youtube.com/@LucaKaneshiro,"NIJISANJI EN's first male wave #Luxiem
Make sure to check out my channels and streams. OR ELSE.

â–  For more information, visit:
 ãƒ» NIJISANJI Official YouTube (EN): https://www.youtube.com/channel/UC-JSeFfovhNsEhftt1WHMvg 
 ãƒ» NIJISANJI Official Twitch: https://www.twitch.tv/nijisanji_en
 ãƒ» NIJISANJI Official Twitter (English account): https://twitter.com/NIJISANJI_World
 ãƒ» ANYCOLOR Official Website: https://www.anycolor.co.jp/
 ãƒ» NIJISANJI Official Reddit: https://www.reddit.com/r/Nijisanji/
 ãƒ» NIJISANJI Official Instagram: https://instagram.com/nijisanji_en
 ãƒ» NIJISANJI Official Tiktok: https://www.tiktok.com/@nijisanji_en?lang=en
 ãƒ» NIJISANJI Official Facebook (English account): https://www.facebook.com/nijisanji.official/
 ãƒ» NIJISANJI Official YouTube (JP): https://www.youtube.com/channel/UCX7YkU9nEeaoZbkVLVajcMg
 ãƒ» For Business and PR Inquiries: https://www.anycolor.co.jp/en/contact
",@lucakaneshiro,,True,False,"Action_game,Role-playing_video_game,Video_game_culture,Action-adventure_game",102666291.0,546.0,1040000.0
vtuber,27.0,0PkS7-3EYkc,2022-05-31 03:28:59+00:00,ã€DUOLINGOã€‘Let&#39;s Learn Spanishã€VTUBERã€‘,Support Nova here! â½ https://streamlabs.com/novaaokamichvreverie Chaotic Frost Dragon part of VReverie's 1st Generation ...,https://i.ytimg.com/vi/0PkS7-3EYkc/default.jpg,,public,8225.0,True,"vtuber,envtuber,nova aokami,vreverie,nova vreverie",1863.0,265.0,0.0,18.0,False,24,"Action_game,Video_game_culture",2022-05-31 01:00:28+00:00,,2022-05-31 01:00:00+00:00,UCA4bOB1Jnw5-lbuoSCfxc-w,Nova Aokami Ch. [VReverie],2022-01-04 14:51:54.286769+00:00,SG,UUA4bOB1Jnw5-lbuoSCfxc-w,https://www.youtube.com/channel/UCA4bOB1Jnw5-lbuoSCfxc-w,http://www.youtube.com/@NovaAokami,"Chaotic Frost Dragon of VReverie's 1st Generation

Follow me on Twitter:
â½ Twitter - @NovaAokami

VReverie
â½ Official Website - https://v-reverie.com/
â½ Official Twitter - @VReverieLive
â½ Merchandise - https://v-reverie.com/product-category/nova-aokami/",@novaaokami,"master duel,yugioh,Nova VTuber,yugioh nova,yugioh vtuber,nova aokami,nova aokomi,nova vreverie,yugioh streamer,tcg streamer,tcg live stream,VTuber,tcg,trading card game,tcg online,VReverie",True,False,"Role-playing_video_game,Video_game_culture,Action_game",6524722.0,655.0,68000.0
vtuber,28.0,OGstRYzxtFc,2024-06-19 16:10:50+00:00,ã€æ­Œæ ã€‘ä½œæ¥­BGMã«ã´ã£ãŸã‚Šã®é›‘è«‡ãªã—ã¾ã£ãŸã‚Šæ­Œæ ğŸ’âœ¨ï¸ ï¼ƒã‚¦ã‚¿ãƒãƒ©ã‚¤ãƒ– ã€KARAOKE/Vsingerã€‘,Vsinger #æ–°äººVtuber #æ–°äººæ­Œã„æ‰‹ âš¡- - - - - - - - - - - - - - - - - - - - - - - - - âš¡ æ­Œã§æ²¢å±±ã®äººã®å¿ƒã‚’å‹•ã‹ã—ãŸã„ã€‚ ãƒãƒ¼ãƒãƒ£ãƒ«æ­Œã„æ‰‹ ...,https://i.ytimg.com/vi/OGstRYzxtFc/default.jpg,,public,6981.0,False,"Vtuber,æ–°äººVtuber,ç™½ç–ã‚¦ã‚¿ãƒ,å‡°ç‰™ã‚‹ã,æ¡ƒæœˆã¯ã,æ˜Ÿè¡£æœªç©ºè‰,æ­Œã„æ‰‹,æ–°äººæ­Œã„æ‰‹,æ­Œã£ã¦ã¿ãŸ,ã‚«ãƒ©ã‚ªã‚±é…ä¿¡,æ­Œæ ,é…ä¿¡è€…,å¥³æ€§é…ä¿¡è€…,ã‚«ãƒ©ã‚ªã‚±æ­Œæ ,ç”Ÿæ”¾é€,ç”Ÿé…ä¿¡,ã‚²ãƒ¼ãƒ å®Ÿæ³,ASMR,ã‚®ã‚¿ãƒ¼å¥³å­,å¼¾ãèªã‚Š,ã‚®ã‚¿ãƒ¼ã‚¬ãƒ¼ãƒ«,ã‚¢ã‚³ã‚®å¼¾ãèªã‚Š,ã‚¢ã‚³ãƒ¼ã‚¹ãƒ†ã‚£ãƒƒã‚¯,Vtuber æ­Œæ ,Vtuber æ­Œã£ã¦ã¿ãŸ,UniVIRTUAL",9559.0,1479.0,0.0,35.0,False,10,"Music,Music_of_Asia",2024-06-19 14:04:55+00:00,,2024-06-19 14:00:00+00:00,UCNskpCCH661BeRJkN8n8d-A,UTANO ch. ç™½ç–ã‚¦ã‚¿ãƒ,2022-12-03 21:03:48.407694+00:00,JP,UUNskpCCH661BeRJkN8n8d-A,https://www.youtube.com/channel/UCNskpCCH661BeRJkN8n8d-A,http://www.youtube.com/@UTANOch,"éŸ³æ¥½ã‚’è»¸ã«ã€å¤¢ã‚’ä¸€ç·’ã«å¶ãˆã‚‹äº‹å‹™æ‰€
""UniVIRTUAL""æ‰€å±

æ­Œã§æ²¢å±±ã®äººã®å¿ƒã‚’å‹•ã‹ã—ãŸã„ã€‚
ãƒãƒ¼ãƒãƒ£ãƒ«æ­Œã„æ‰‹
ç™½ç–ã‚¦ã‚¿ãƒ(ã—ã‚‰ãŸã¾ã†ãŸã®)ã§ã™ğŸ’âš¡

ã‚¢ã‚³ã‚®å¼¾ãèªã‚Šé…ä¿¡ãƒ»ã‚«ãƒ©ã‚ªã‚±é…ä¿¡ã‚’ä¸­å¿ƒã«æ´»å‹•.áŸ.áŸ.áŸ

ã„ã¤ã§ã‚‚å…¨åŠ›ã§æ­Œã£ã¦ã‚‹ã®ã§
æ¥½ã—ã¿ãŸã„æ™‚ã€è½ã¡è¾¼ã‚“ã æ™‚ã€ä¸€äººã§ã„ãŸããªã„æ™‚ã€ã„ã¤ã§ã‚‚èãã«æ¥ã¦ã­â€¦IË™ê’³â€‹Ë™)ğŸ’­

- - - - - - - - - - - - - - - - - - - - - - - - - -

ã‚¤ãƒ©ã‚¹ãƒˆãƒ¬ãƒ¼ã‚¿ãƒ¼æ§˜ / lackãƒ‘ãƒ‘
ï¼’D ãƒ¢ãƒ‡ãƒ©â€•æ§˜ã€€/ ç¨²ç”Ÿä¹ƒè¡£ãƒãƒ

",@utanoch,,True,False,"Music_of_Asia,Music,Video_game_culture",5409983.0,336.0,119000.0
vtuber,29.0,m8eYn0-J4V8,2024-06-14 15:21:01+00:00,PARTY ANIMALS BERSAMA PARA VTUBER ANOMALI,Party Animals bersama: âœ§ @gingehenna âœ§ @xSoutaa âœ§ @MikazukiArion âœ§ @ElaineCelestia âœ§ @LeoAxenos ...,https://i.ytimg.com/vi/m8eYn0-J4V8/default.jpg,,public,5531.0,False,"vtuberindonesia,vtuber,vtuberid,vtuber cowok,vtuber laki,male vtuber,horror game,gorror gameplay,horror vtuber,horror game stream,horror stream,horror indonesia,indonesia",57708.0,12410.0,0.0,120.0,False,20,"Action_game,Role-playing_video_game,Video_game_culture",2024-06-14 13:01:26+00:00,,2024-06-14 13:00:00+00:00,UCtC7olOldksX4fcl_8XKUFA,Harris Caineã€AKA Virtualã€‘,2021-09-16 13:30:04.029904+00:00,ID,UUtC7olOldksX4fcl_8XKUFA,https://www.youtube.com/channel/UCtC7olOldksX4fcl_8XKUFA,http://www.youtube.com/@HarrisCaine,"Roleplay & Gaming
",@harriscaine,"vtuber,vtuber indonesia,vtuberindonesia,vtuberid,male vtuber,vtuber cowok,vtuber laki,vtuber pria,asmr cowok,asmr boyfriend",True,False,"Role-playing_video_game,Action-adventure_game,Video_game_culture,Action_game,Entertainment",87342892.0,557.0,929000.0
vtuber,30.0,RQCMWHZfpks,2022-11-18 22:39:47+00:00,ã€PokÃ©mon Violetã€‘Vtuber tries her first PokÃ©mon game EVER! || #Phasemon2022,hi!! :3 #PhaseTeamFuture â˜† â‹¯ Ë–Â°Ë– â–½ Ë–Â°Ë– â‹¯â˜† Donations https://streamelements.com/pankoch/tip Donos are not ...,https://i.ytimg.com/vi/RQCMWHZfpks/default.jpg,,public,12166.0,True,,3420.0,460.0,0.0,4.0,False,20,"Action_game,Role-playing_video_game,Video_game_culture",2022-11-18 19:02:13+00:00,,2022-11-18 19:00:00+00:00,UCVo_KgPNsDKxHwzib7uarCw,Panko Ch. å°ç”ºã±ã‚“ã“ ã€Phase Connectã€‘,2022-02-08 20:28:17.597972+00:00,,UUVo_KgPNsDKxHwzib7uarCw,https://www.youtube.com/channel/UCVo_KgPNsDKxHwzib7uarCw,http://www.youtube.com/@komachipanko,"The tiniest red panda in the world is here ~
I love cute stuff, gimme all of your cute stuff, pleeeeeeease!!
What day is it you say? I forgot-- but who cares! I just wanna have fun, let's play together lol (â‰§â—¡â‰¦) â™¡

Official Website: https://phase-connect.com/
Official Twitter: https://twitter.com/PhaseConnect
",@komachipanko,,True,False,"Action-adventure_game,Action_game,Role-playing_video_game,Video_game_culture",3232807.0,476.0,63500.0
vtuber,31.0,UlkBcxmXaqo,2022-06-10 16:25:34+00:00,VTuber plays Baldi&#39;s Basics Plus FULL GAME (First Playthrough),Making plays baldi's basics for the first time does anyone actually read descriptions i dont even know ã€StreamLabs ...,https://i.ytimg.com/vi/UlkBcxmXaqo/default.jpg,en-GB,public,11340.0,True,"NIJISANJI,NIJISANJI EN,Luxiem,Mysta,Rias,Mysta Rias,ã«ã˜ã•ã‚“ã˜,vtuber,envtuber,english vtuber,English,male vtuber,Ike Eveland,Shu Yamino,Luca Kaneshiro,Vox Akuma,LazuLight,OBSYDIA,Ethyria,Baldis,Basics",206547.0,15977.0,0.0,386.0,False,20,"Action_game,Role-playing_video_game,Video_game_culture",2022-06-10 13:00:12+00:00,,2022-06-10 13:00:00+00:00,UCIM92Ok_spNKLVB5TsgwseQ,Mysta Rias ã€NIJISANJI ENã€‘,2021-11-30 23:06:30.829554+00:00,JP,UUIM92Ok_spNKLVB5TsgwseQ,https://www.youtube.com/channel/UCIM92Ok_spNKLVB5TsgwseQ,http://www.youtube.com/@MystaRias,"From NIJISANJI EN's first male wave #Luxiem 
Detective Mysta is here to find out what makes you happy! ğŸ§¡ 
Follow me on twitter: https://twitter.com/Mysta_Rias

Icon by: @facinaaaaa on twitter!
Banner by: @saiijuuuun on twitter!


â–  For more information, visit:
 ãƒ» NIJISANJI Official YouTube (EN): https://www.youtube.com/channel/UC-JSeFfovhNsEhftt1WHMvg 
 ãƒ» NIJISANJI Official Twitch: https://www.twitch.tv/nijisanji_en
 ãƒ» NIJISANJI Official Twitter (English account): https://twitter.com/NIJISANJI_World
 ãƒ»ANYCOLOR Official Website: https://www.anycolor.co.jp/
 ãƒ» NIJISANJI Official Reddit: https://www.reddit.com/r/Nijisanji/
 ãƒ» NIJISANJI Official Instagram: https://instagram.com/nijisanji_en
 ãƒ» NIJISANJI Official Tiktok: https://www.tiktok.com/@nijisanji_en?lang=en
 ãƒ» NIJISANJI Official Facebook (English account): https://www.facebook.com/nijisanji.official/
 ãƒ» NIJISANJI Official YouTube (JP): https://www.youtube.com/channel/UCX7YkU9nEeaoZbkVLVajcMg
",@mystarias,,True,False,"Action_game,Video_game_culture,Role-playing_video_game",93612380.0,419.0,1130000.0
vtuber,32.0,7Smh8MkGyFQ,2022-12-18 05:31:36+00:00,Vtuber Plays Dhar Mann Bingo w/ Chat (Winner Loses),ï¾‰ OHAYOOOOOOOOOO âœ–ï¸Read me!!! âœ–ï¸ aaaaaaaaaaaa Tipipkin ...,https://i.ytimg.com/vi/7Smh8MkGyFQ/default.jpg,en,public,11694.0,False,"dhar mann,motivation,motivational video,inspirational video,self improvement,self help,self development,personal development,short film,inspirational,life lessons,true story,love story,girl acts dumb",28608.0,1826.0,0.0,73.0,False,23,Entertainment,2022-12-18 02:01:42+00:00,,2022-12-18 02:00:00+00:00,UCJ46YTYBQVXsfsp8-HryoUA,Pipkin Pippa Ch.ã€Phase Connectã€‘,2021-03-19 09:31:02.684005+00:00,US,UUJ46YTYBQVXsfsp8-HryoUA,https://www.youtube.com/channel/UCJ46YTYBQVXsfsp8-HryoUA,http://www.youtube.com/@PipkinPippa,"ğ™¥ğ™ğ™¥ğ™ğ™¥ğ™ğ™¥ğ™ğ™¥ğ™ğ™¥ğ™ğ™¥ğ™
hi

Official Website: https://phase-connect.com/
Official Twitter: https://twitter.com/PhaseConnect 
",@pipkinpippa,"phase-connect,phase connect,vtuber,envtuber,pippa,pipkin,pippa pipkin,pipkin pippa,en vtuber,vtuber debut",True,False,"Action_game,Video_game_culture,Role-playing_video_game",48117494.0,917.0,337000.0
vtuber,33.0,L_cqBvl8D9E,2023-06-27 17:40:17+00:00,ã€ VTuber ã®æ°—æŒã¡ãŒè¦‹ãˆã‚‹ ãƒ©ã‚¸ã‚ª ã€‘ã‚¹ã‚¤ãƒ©ã‚¸â™ª #30 ã‚²ã‚¹ãƒˆï¼š ã‹ãªãˆå…ˆç”Ÿ ã€ æ²³å´ç¿† ã€‘Sui Kawasaki radio program &quot;SUIRAJI&quot; #ã‚¹ã‚¤ãƒ©ã‚¸,æœ¬æ—¥ã®ã‚²ã‚¹ãƒˆï¼š ã‹ãªãˆå…ˆç”Ÿ æ§˜ YouTube â†’ https://www.youtube.com/channel/UCsABPC_SPKUaf7BkZGs4wbQ Twitter ...,https://i.ytimg.com/vi/L_cqBvl8D9E/default.jpg,,public,12202.0,True,"Vtuber,ãƒãƒ¼ãƒãƒ£ãƒ«ãƒ©ã‚¤ãƒãƒ¼,ãŠå§‰ã•ã‚“,æ—¥æœ¬,japan,æ²³å´ç¿†,envtuber,english vtuber,vtubers,virtual youtuber,ãƒ©ã‚¸ã‚ª,é›‘è«‡,å¯¾è«‡,ã‚³ãƒ©ãƒœ,ã‚¹ã‚¤ãƒ©ã‚¸,ã‹ãªãˆå…ˆç”Ÿ",16176.0,1004.0,0.0,23.0,False,24,,2023-06-27 14:00:25+00:00,,2023-06-27 14:00:00+00:00,UCs86f6tbWatcKVt7emv9hfQ,æ²³å´ ç¿† ch / Kawasaki Sui ch.,2020-06-15 15:45:36.336944+00:00,JP,UUs86f6tbWatcKVt7emv9hfQ,https://www.youtube.com/channel/UCs86f6tbWatcKVt7emv9hfQ,http://www.youtube.com/@Sui_Kawasaki,"VTuberã‚¢ãƒŠãƒªã‚¹ãƒˆã¨ã—ã¦æ¥­ç•Œã®è§£èª¬ã‚’ã—ã¦ã„ã¾ã™ã€æ²³å´ç¿†ï¼ˆã‹ã‚ã•ã ã™ã„ï¼‰ã§ã™ã€‚
æ™®æ®µã¯å¤§ä¼æ¥­ã®å—ä»˜å¬¢ã‚’ã—ã¦ã„ã¾ã™â™ª

ï¼œã‚­ãƒ£ãƒ©ã‚¯ã‚¿ãƒ¼åŸæ¡ˆï¼
çµåŸå¿—å¸Œ æ§˜ï¼ˆhttps://twitter.com/yuijyo_shikiï¼‰
ï¼œã‚¤ãƒ©ã‚¹ãƒˆï¼
kræœ¨ æ§˜ï¼ˆhttps://twitter.com/manatu01ï¼‰
ï¼œLIVE2Dãƒ¢ãƒ‡ãƒªãƒ³ã‚°ï¼
åˆä»£ã€€æ¸¡ç¶± æ§˜ï¼ˆhttps://twitter.com/watari_tunaï¼‰
2ä»£ç›®ã€€è—¤å’²ã†ã„ã‹ æ§˜ï¼ˆhttps://twitter.com/WinOPZï¼‰
ï¼œ3Dã‚¢ãƒã‚¿ãƒ¼ãƒ¢ãƒ‡ãƒªãƒ³ã‚°ï¼
ã“ã¨ã¶ã¿ã“ã¾ã® æ§˜ï¼ˆhttps://twitter.com/kotobumi_komanoï¼‰
ï¼œPMXãƒ¢ãƒ‡ãƒ«å¤‰æ›ï¼
ç´«å…ä¸ æ§˜ï¼ˆhttps://twitter.com/sisouhinotoï¼‰
ï¼œãƒ¢ãƒ¼ã‚·ãƒ§ãƒ³ãƒ­ã‚´ï¼
æµ®ãé›² æ§˜ï¼ˆhttps://twitter.com/apricotonlolï¼‰
ï¼œã‚¢ãƒŠãƒ­ã‚°æ™‚è¨ˆåˆ¶ä½œï¼
ã¿ã‚“ã¡ã‚Šãˆ æ§˜ï¼ˆ https://min-chi.material.jp/ ï¼‰
",@sui_kawasaki,"Vtuber,æœ—èª­,ãƒãƒ¼ãƒãƒ£ãƒ«YouTuber,Japan,Japanese,æ­Œã£ã¦ã¿ãŸ,ã‚²ãƒ¼ãƒ ,å®Ÿæ³ãƒ—ãƒ¬ã‚¤,ENTuber,ãŠå§‰ã•ã‚“,ç™’ã—,ã‚²ãƒ¼ãƒ å®Ÿæ³,ãƒ©ã‚¸ã‚ª,é›‘è«‡,å¯¾è«‡,è¬›åº§,è§£èª¬",True,False,"Video_game_culture,Entertainment",17579977.0,2241.0,581000.0
vtuber,34.0,1xNWgUStMLY,2024-06-14 06:00:42+00:00,ã€#å´©å£Šã‚¹ã‚¿ãƒ¼ãƒ¬ã‚¤ãƒ«  ã€‘ãƒ›ã‚¿ãƒ«ã®ã‚·ãƒ§ãƒ¼ãƒˆã‚¢ãƒ‹ãƒ¡ä¸€ç·’ã«è¦³ã‚ˆã†...ï¼ã€#Vtuber / #ç™½äºœãƒªãƒ©ã€‘,ã‚ã‚ã‚ã‚ã‚ã‚ï¼›ï¼› â–½å…¬å¼ã€å´©å£Šï¼šã‚¹ã‚¿ãƒ¼ãƒ¬ã‚¤ãƒ«ã€‘ã‚·ãƒ§ãƒ¼ãƒˆã‚¢ãƒ‹ãƒ¡ã€Œã‚°ãƒ©ãƒ¢ã‚¹ã®ä½™ç‡¼ã€ ...,https://i.ytimg.com/vi/1xNWgUStMLY/default.jpg,ja,public,4574.0,True,"Vtuber,å´©å£Šã‚¹ã‚¿ãƒ¼ãƒ¬ã‚¤ãƒ«,ã‚¹ã‚¿ãƒ¼ãƒ¬ã‚¤ãƒ«,ã‚¹ã‚¿ãƒ¬,honkaistarrail,å´©å£Š3rd,honkaiimpact3rd,honkaiimpact3rdpart2,é™ç•Œã‚ªã‚¿ã‚¯,ã‚ªã‚¿ã‚¯,ç™½äºœãƒªãƒ©,ç™½äºœ,ãƒªãƒ©,hakualira,å®Œå‡¸,å®Œå‡¸ã‚¬ãƒãƒ£,ã‚¬ãƒãƒ£,ã‚¬ãƒãƒ£é…ä¿¡,reaction,åˆè¦‹,å®Œå…¨åˆè¦‹,ã‚¹ãƒˆãƒ¼ãƒªãƒ¼,é–‹æ‹“ã‚¯ã‚¨ã‚¹ãƒˆ,ãƒ”ãƒã‚³ãƒ‹â€•,pinocony,æ¨¡æ“¬å®‡å®™,è™šæ§‹å™äº‹,å§«å­,ãƒ´ã‚§ãƒ«ãƒˆ,ä¸‰æœˆãªã®ã‹,ä¸¹æ’,é£²æœˆ,é£²æœˆå›,é¡æµ,åˆƒ,ã‚«ãƒ•ã‚«,éŠ€ç‹¼,ã‚µãƒ ,ãƒ›ã‚¿ãƒ«,firefly,æ˜Ÿæ ¸ãƒãƒ³ã‚¿ãƒ¼,ã‚¨ãƒªã‚ª,ã‚µãƒ³ãƒ,èŠ±ç«,æ„‰æ‚¦,å´©ã‚¹ã‚¿,å´©å£Š,è£åº­,è£åº­12,éºç‰©,éºç‰©ã‚¹ã‚³ã‚¢,éºç‰©å³é¸,åŒè¡Œã‚¯ã‚¨ã‚¹ãƒˆ,ãƒˆãƒ‘ãƒ¼ã‚º,ã‚¸ã‚§ã‚¤ãƒ‰,ã‚¢ãƒ™ãƒ³ãƒãƒ¥ãƒªãƒ³,ãƒ–ãƒ©ãƒƒã‚¯ã‚¹ãƒ¯ãƒ³,ãƒ–ãƒ¼ãƒˆãƒ’ãƒ«,boothill,ãƒ­ãƒ“ãƒ³,robin,ã‚µãƒ³ãƒ‡ãƒ¼,ãƒ‡ã‚£ã‚¨ã‚¹ãƒ‰ãƒŸãƒ‹,é€±ãƒœã‚¹,é»„æ³‰,Acheron,ã‚®ãƒ£ãƒ©ã‚¬ãƒ¼,ãƒŸãƒˆã‚¥ã‚¹,ãƒŸãƒ¼ã‚·ãƒ£,ãƒŠãƒŠã‚·ãƒ“ãƒˆ,é–‹æ‹“è€…,èª¿å’Œ,èª¿å’Œä¸»äººå…¬,é›·é›»èŠ½è¡£,é›·é›»,è™šç„¡,é›·ã®å¾‹è€…,ç´€è¡Œ,ç´€è¡ŒPV,æ„šè€…ã¯äºŒåº¦ãƒ™ãƒ«ã‚’é³´ã‚‰ã™",32242.0,863.0,0.0,41.0,False,20,"Role-playing_video_game,Video_game_culture",2024-06-14 04:40:44+00:00,,2024-06-14 04:40:00+00:00,UCb-J0Shehsk2G-Ddliv9huw,ç™½äºœãƒªãƒ© / Hakua Lira,2021-11-01 13:16:26.258279+00:00,JP,UUb-J0Shehsk2G-Ddliv9huw,https://www.youtube.com/channel/UCb-J0Shehsk2G-Ddliv9huw,http://www.youtube.com/@hakualira,"ç™½äºœå¸å›½ã®çš‡å¥³ã€€å´©å£Š3rd/å´©å£Šã‚¹ã‚¿ãƒ¼ãƒ¬ã‚¤ãƒ«/åŸç¥ãŒå¤§å¥½ããªVtuberğŸ³

åŸºæœ¬20:00ï½ã€€é…ä¿¡ã—ã¦ã¾ã™ï¼
",@hakualira,"Vtuber,æ–°äººVtuber,å€‹äººVtuber,Virtual_YouTuber,Vtuber_JP,ç™½äºœãƒªãƒ©,ç™½äºœ,ãƒªãƒ©,ã‚²ãƒ¼ãƒ ,ã‚²ãƒ¼ãƒ å®Ÿæ³,å´©å£Šï¼šã‚¹ã‚¿ãƒ¼ãƒ¬ã‚¤ãƒ«,Honkai:Starrail,å´©å£Š3rd,HonkaiImpact3rd,åŸç¥,Genshin,GenshinImpact,anime,HonkaiStarRail,å´©å£Šã‚¹ã‚¿ãƒ¼ãƒ¬ã‚¤ãƒ«,å´©ã‚¹ã‚¿,ã‚¹ã‚¿ãƒ¬,miHoYo,HoYoverse,å®Ÿæ³,åˆ‡ã‚ŠæŠœã,game,ã‚¹ã‚¿ãƒ¼ãƒ¬ã‚¤ãƒ«,åˆ‡ã‚ŠæŠœãå‹•ç”»,ãƒãƒ¼ãƒãƒ£ãƒ«Youtuber,reaction,hakualira",True,False,"Action_game,Video_game_culture,Role-playing_video_game",4903104.0,650.0,27500.0
vtuber,35.0,wCs9ojasp0o,2021-12-04 23:45:15+00:00,Produce a cover! Bunny Vtuber Teaches You Mixing ã€Tsunderiaã€‘,"Uzuki Tomoya teaches you about mixing vocals for covers! We also mix the vocaloid song, EYE, by Kanaria. TsunDream is ...",https://i.ytimg.com/vi/wCs9ojasp0o/default.jpg,,public,16147.0,False,"ENVtuber,Vtuber,Tsunderia,Uzuki Tomoya,Uzuki,Tomoya,Vsinger,Anime,Bunny,Rabbit,Anime Boy,Mixing,REAPER,VST,Cover,Tutorial,Tune,Time,Mix,Vocals,Singing",11179.0,852.0,0.0,10.0,False,27,,2021-12-04 19:01:03+00:00,,2021-12-04 19:00:00+00:00,UCrJWs9LeZ0LcnHfRxi8OKPQ,Tomoya Ch.,2021-09-16 00:15:12.898327+00:00,,UUrJWs9LeZ0LcnHfRxi8OKPQ,https://www.youtube.com/channel/UCrJWs9LeZ0LcnHfRxi8OKPQ,http://www.youtube.com/@uzukitomoya,"Singing and mixing vtuber/vsinger, I hope you will enjoy my covers and music!

ğŸŒ» Tags ğŸŒ»
Live/General: #TomoTime
Fan Name: #Tomoyachi
Memes: #TomoFoolery
Music: #TomoTrack
Art: #Tomoya_rt

ğŸ–‹ï¸ Model Credits ğŸ–‹ï¸
Model Illustrator (Mama): ãƒ¦ã‚¦ãƒ’ â†’ https://twitter.com/flbtmrn
Live2D Rigger (Papa): Caiman â†’ https://twitter.com/Caiman_Pool

ğŸŒ» Stream Rules ğŸŒ»
1. Please do not talk/ask about or share personal information.
2. Please be nice and respectful to other viewers.
3. Please do not have personal conversations in the chat.
4. Please do not bring up other streamers/streams unless I talk about them first.
5. Likewise, please do not talk about me or my stream in other streamers' chat.
6. Excessive backseat gaming is not necessary, I will ask you all for help if I need it.
7. Ignore/block/report anyone breaking the rules above.

Contact:
https://twitter.com/uzukitomoya
",@uzukitomoya,"Tomoya Ch. å¯æœˆãƒˆãƒ¢ãƒ¤,Tomoya ch.,Tomoya,VTuber,English VTuber,Rabbit VTuber,VSinger,Uzuki Tomoya,Tomo VTuber,english speaking vtuber,anime boy singing,Cover,Channel,Singing",True,False,"Music,Role-playing_video_game,Video_game_culture,Entertainment",2763829.0,241.0,25700.0
vtuber,36.0,41MAWFLNHGQ,2023-06-18 05:06:37+00:00,ã€ OVERCOOKED! 2 ã€‘ Cocina VTuber experimental ğŸ³ ã€ Nisha Nixyeva / Meica05 / Rakkun / Hana Yomeguri ã€‘,"Streamlabs Donations: https://streamlabs.com/nishanixyeva/tip âš Ko-Fi Donations: https://ko-fi.com/nishanixyeva ENGLISH, æ—¥æœ¬ ...",https://i.ytimg.com/vi/41MAWFLNHGQ/default.jpg,,public,13472.0,True,"vtuber,pngtuber,nisha,nixyeva,nisha nixyeva,espaÃ±ol,vtuberes,esvtuber,espvtuber,vtuberesp,english,envtuber,vtuberen,japanese,jpvtuber,vtuberjp,æ—¥æœ¬èª,Vãƒãƒ¥ãƒ¼ãƒãƒ¼,æµ·å¤– vtuber,å¤–å›½äººVtuber,æµ·å¤–Vtuber,æµ·å¤–vãƒãƒ¥ãƒ¼ãƒãƒ¼,å¤–å›½äººvãƒãƒ¥ãƒ¼ãƒãƒ¼,ãƒ‹ãƒ¼ã‚·ãƒ£,ãƒ‹ã‚·ãƒ£,ãƒ‹ãƒƒã‚¯ã‚·ã‚¨ãƒ¼ãƒ,luna,rurine,luna rurine,wactor,hana yomeguri,rakkun,meica,meica05,overcooked,overcooked collab,gameplay",20824.0,2573.0,0.0,81.0,False,20,"Action_game,Role-playing_video_game,Video_game_culture",2023-06-18 01:10:22+00:00,,2023-06-18 01:00:00+00:00,UC-jcaCw_DWLuWpcxVUjP2Sw,Nisha Nixyeva Ch.,2023-02-24 22:56:12.273876+00:00,ES,UU-jcaCw_DWLuWpcxVUjP2Sw,https://www.youtube.com/channel/UC-jcaCw_DWLuWpcxVUjP2Sw,http://www.youtube.com/@NishaNixyeva,"Just casually studying humans on a short-term basis...
",@nishanixyeva,"vtuber,espaÃ±ol,english,japanese,nisha vtuber,nisha ch,nisha space,luna,rurine,luna rurine,rurine luna,pngtuber",True,False,"Action_game,Action-adventure_game,Role-playing_video_game,Video_game_culture",1406374.0,138.0,43100.0
vtuber,37.0,LYeWFsR2jT8,2022-07-15 16:30:33+00:00,The OFFICIAL VTuber Drama Tier List,"Yep. We're seriously doing this. Tons of drama out there, and we're taking in the more well-known ones to make fun of them!",https://i.ytimg.com/vi/LYeWFsR2jT8/default.jpg,en-GB,public,8321.0,False,,209461.0,10143.0,0.0,1203.0,False,24,Video_game_culture,2022-07-15 13:59:22+00:00,,2022-07-15 14:00:00+00:00,UC4YSogGVXHZOOBbavfzn9rA,Depressed Nousagi,2018-10-08 11:44:59+00:00,US,UU4YSogGVXHZOOBbavfzn9rA,https://www.youtube.com/channel/UC4YSogGVXHZOOBbavfzn9rA,http://www.youtube.com/@DepressedNousagi,"Check my other stuff here!
https://nousagi.carrd.co/
",@depressednousagi,"VTubers,Hololive,History,Commentary,Memes,Nijisanji,Anime",True,False,Video_game_culture,18514829.0,226.0,97800.0
vtuber,38.0,I7dhWHRVlj4,2023-01-28 04:16:46+00:00,I Bought Bootleg Vtuber Merch,ï¾‰ OHAYOOOOOOOOOO âœ–ï¸Read me!!! âœ–ï¸ aaaa Tipipkin https://streamelements.com/pipkinpippach/tip ...,https://i.ytimg.com/vi/I7dhWHRVlj4/default.jpg,en,public,6423.0,False,,41365.0,3072.0,0.0,129.0,False,23,Lifestyle_(sociology),2023-01-28 02:00:03+00:00,,2023-01-28 02:00:00+00:00,UCJ46YTYBQVXsfsp8-HryoUA,Pipkin Pippa Ch.ã€Phase Connectã€‘,2021-03-19 09:31:02.684005+00:00,US,UUJ46YTYBQVXsfsp8-HryoUA,https://www.youtube.com/channel/UCJ46YTYBQVXsfsp8-HryoUA,http://www.youtube.com/@PipkinPippa,"ğ™¥ğ™ğ™¥ğ™ğ™¥ğ™ğ™¥ğ™ğ™¥ğ™ğ™¥ğ™ğ™¥ğ™
hi

Official Website: https://phase-connect.com/
Official Twitter: https://twitter.com/PhaseConnect 
",@pipkinpippa,"phase-connect,phase connect,vtuber,envtuber,pippa,pipkin,pippa pipkin,pipkin pippa,en vtuber,vtuber debut",True,False,"Role-playing_video_game,Video_game_culture,Action_game",48117494.0,917.0,337000.0
vtuber,39.0,r5trFhKeqYw,2021-11-29 13:32:55+00:00,ã€ Minecraft ã€‘ Vtuberã¨é ƒã—åˆã„ã¾ã™ã€ #Vtuberãƒãƒˆãƒ«ãƒ­ãƒ¯ã‚¤ã‚¢ãƒ« ã€‘,åŸä½œè¦‹ãŸã“ã¨ãªã„ æœ¬é…ä¿¡ï¼šhttps://youtu.be/mb8Voo597zI å‡ºå¸­ç•ªå·ï¼‘ç•ª @noripro å‡ºå¸­ç•ªå·ï¼’ç•ª @Kanae å‡ºå¸­ç•ªå·ï¼“ç•ª @Kuzuha ...,https://i.ytimg.com/vi/r5trFhKeqYw/default.jpg,ja,public,7166.0,False,"è‘›è‘‰,ããšã¯,kuzuha,å¸è¡€é¬¼,ã«ã˜ã•ã‚“ã˜,nijisanji,ã„ã¡ã‹ã‚‰æ ªå¼ä¼šç¤¾,ichikara,Vtuber,anime,ã‚¢ãƒ‹ãƒ¡,japan,åˆ‡ã‚ŠæŠœã,é›‘è«‡,game,ã‚²ãƒ¼ãƒ ,å®Ÿæ³,æ­Œã£ã¦ã¿ãŸ,ã‚«ãƒãƒ¼",775400.0,17862.0,0.0,322.0,False,20,"Action-adventure_game,Role-playing_video_game,Video_game_culture",2021-11-29 11:05:42+00:00,,,UCSFCh5NL4qXrAy9u-u2lX3g,Kuzuha Channel,2018-03-05 05:36:02+00:00,JP,UUSFCh5NL4qXrAy9u-u2lX3g,https://www.youtube.com/channel/UCSFCh5NL4qXrAy9u-u2lX3g,http://www.youtube.com/@Kuzuha,"çŸ³æ²¹ç‹ã«æ±‚å©šã•ã‚Œé¤Šã‚ã‚Œã‚‹ã“ã¨ã‚’ç›®æ¨™ã«
ãƒãƒ¼ãƒãƒ£ãƒ«ãƒ©ã‚¤ãƒãƒ¼ã‚’å§‹ã‚ãŸå¸è¡€é¬¼ã®è‘›è‘‰ (ããšã¯) ã§ã™

Give me your money or blood.

- - - - - - - - - - - - -  - - - - - -  - - - - - -  - - - - -

â–¼ Twitter
https://twitter.com/Vamp_Kuzu

â–¼ è³ªå•ç®±
peing.net/ja/vamp_kuzu 


ã€ã«ã˜ã•ã‚“ã˜ã€‘

â–¼ å…¬å¼HP
https://www.nijisanji.jp

â–¼ã‚ªãƒ•ã‚£ã‚·ãƒ£ãƒ«ã‚¹ãƒˆã‚¢
https://shop.nijisanji.jp/s/niji/

â–¼ å•ã„åˆã‚ã›
https://www.nijisanji.jp/contact

â–¼ å…¬å¼Twitter
https://twitter.com/Nijisanji_app

â–¼ ã‚²ãƒ¼ãƒãƒ¼ã‚ºå…¬å¼Twitter
https://twitter.com/NijisanjiGamers


â–¼ ãƒ•ã‚¡ãƒ³ãƒ¬ã‚¿ãƒ¼ãªã©
https://www.nijisanji.jp/contact
ãŠé ã‹ã‚Šã§ããªã„ç‰©ã‚‚ã‚ã‚‹ã®ã§ä¸Šè¨˜URLã®ã€Œâ—†ãƒ•ã‚¡ãƒ³ãƒ¬ã‚¿ãƒ¼ã«ã¤ã„ã¦ã€ã‚’ã”ä¸€èª­ãŠé¡˜ã„ã—ã¾ã™ã€‚",@kuzuha,"è‘›è‘‰,ããšã¯,kuzuha,ã«ã˜ã•ã‚“ã˜,nijisanji,Vtuber,anime,ã‚¢ãƒ‹ãƒ¡,japan,åˆ‡ã‚ŠæŠœã,é›‘è«‡,game,ã‚²ãƒ¼ãƒ ,å®Ÿæ³,æ­Œã£ã¦ã¿ãŸ,ã‚«ãƒãƒ¼,ãƒˆãƒ­ãƒ¼ãƒ«",True,False,"Action_game,Video_game_culture",826015463.0,1876.0,1750000.0
vtuber,40.0,55PP39__4os,2023-05-24 02:48:40+00:00,Teaching A VTUBER Yu-Gi-Oh w/ @RanaIanna ã€YU-GI-OH MASTER DUELã€‘,Support Nova here! â½ https://streamlabs.com/novaaokamichvreverie Chaotic Frost Dragon part of VReverie's 1st Generation ...,https://i.ytimg.com/vi/55PP39__4os/default.jpg,en,public,8956.0,True,"vtuber,envtuber,nova aokami,vreverie,nova vreverie",10706.0,735.0,0.0,17.0,False,20,"Role-playing_video_game,Strategy_video_game,Video_game_culture",2023-05-24 00:04:30+00:00,,2023-05-24 00:00:00+00:00,UCA4bOB1Jnw5-lbuoSCfxc-w,Nova Aokami Ch. [VReverie],2022-01-04 14:51:54.286769+00:00,SG,UUA4bOB1Jnw5-lbuoSCfxc-w,https://www.youtube.com/channel/UCA4bOB1Jnw5-lbuoSCfxc-w,http://www.youtube.com/@NovaAokami,"Chaotic Frost Dragon of VReverie's 1st Generation

Follow me on Twitter:
â½ Twitter - @NovaAokami

VReverie
â½ Official Website - https://v-reverie.com/
â½ Official Twitter - @VReverieLive
â½ Merchandise - https://v-reverie.com/product-category/nova-aokami/",@novaaokami,"master duel,yugioh,Nova VTuber,yugioh nova,yugioh vtuber,nova aokami,nova aokomi,nova vreverie,yugioh streamer,tcg streamer,tcg live stream,VTuber,tcg,trading card game,tcg online,VReverie",True,False,"Action_game,Video_game_culture,Role-playing_video_game",6524722.0,655.0,68000.0
vtuber,41.0,u6dLbE9YnDs,2023-02-11 04:17:38+00:00,ã€CARDFIGHT VANGUARD BOX OPENING+GIVEAWAYã€‘Can We Pull A DSR?ã€VTUBERã€‘,Support Nova here! â½ https://streamlabs.com/novaaokamichvreverie Thank you to 50cardsshop for supplying boxes as well as ...,https://i.ytimg.com/vi/u6dLbE9YnDs/default.jpg,en,public,9436.0,True,"vtuber,envtuber,nova aokami,vreverie,nova vreverie",4032.0,330.0,0.0,7.0,False,20,Video_game_culture,2023-02-11 01:02:13+00:00,,2023-02-11 01:00:00+00:00,UCA4bOB1Jnw5-lbuoSCfxc-w,Nova Aokami Ch. [VReverie],2022-01-04 14:51:54.286769+00:00,SG,UUA4bOB1Jnw5-lbuoSCfxc-w,https://www.youtube.com/channel/UCA4bOB1Jnw5-lbuoSCfxc-w,http://www.youtube.com/@NovaAokami,"Chaotic Frost Dragon of VReverie's 1st Generation

Follow me on Twitter:
â½ Twitter - @NovaAokami

VReverie
â½ Official Website - https://v-reverie.com/
â½ Official Twitter - @VReverieLive
â½ Merchandise - https://v-reverie.com/product-category/nova-aokami/",@novaaokami,"master duel,yugioh,Nova VTuber,yugioh nova,yugioh vtuber,nova aokami,nova aokomi,nova vreverie,yugioh streamer,tcg streamer,tcg live stream,VTuber,tcg,trading card game,tcg online,VReverie",True,False,"Role-playing_video_game,Video_game_culture,Action_game",6524722.0,655.0,68000.0
vtuber,42.0,lmPqowyy6As,2023-02-04 06:36:20+00:00,That Scary Vtuber Game # 452525  || The Karaoke,ï¾‰ OHAYOOOOOOOOOO âœ–ï¸Read me!!! âœ–ï¸ new chilla's art lets go Tipipkin ...,https://i.ytimg.com/vi/lmPqowyy6As/default.jpg,en,public,13410.0,False,"the karaoke,chillas art,chilla's art,chillas art game,the caregiver chillas art,chillas,chillas art 2022,chillas art games,chilla art,chilla's art game,chillas art jumpscares,chilla's art games,chilla's art horror,the closing shift chillas art,chillas arts,the caregiver chilla's art,the bathhouse chilla's art,kubz scouts chillas art scary games,the closing shift chilla's art",47308.0,3608.0,0.0,285.0,False,23,"Action-adventure_game,Role-playing_video_game,Video_game_culture",2023-02-04 02:00:44+00:00,,2023-02-04 02:00:00+00:00,UCJ46YTYBQVXsfsp8-HryoUA,Pipkin Pippa Ch.ã€Phase Connectã€‘,2021-03-19 09:31:02.684005+00:00,US,UUJ46YTYBQVXsfsp8-HryoUA,https://www.youtube.com/channel/UCJ46YTYBQVXsfsp8-HryoUA,http://www.youtube.com/@PipkinPippa,"ğ™¥ğ™ğ™¥ğ™ğ™¥ğ™ğ™¥ğ™ğ™¥ğ™ğ™¥ğ™ğ™¥ğ™
hi

Official Website: https://phase-connect.com/
Official Twitter: https://twitter.com/PhaseConnect 
",@pipkinpippa,"phase-connect,phase connect,vtuber,envtuber,pippa,pipkin,pippa pipkin,pipkin pippa,en vtuber,vtuber debut",True,False,"Action_game,Video_game_culture,Role-playing_video_game",48117494.0,917.0,337000.0
vtuber,43.0,Xy06jWA9gk0,2023-06-19 04:32:18+00:00,Vtuber DAD takes care of: [The Baby in Yellow]ã€NIJISANJI EN | Doppio Dropscytheã€‘,"As a father of multiple adopted children from games like Princess Maker and Volcano Princess, Let me show you my father's day ...",https://i.ytimg.com/vi/Xy06jWA9gk0/default.jpg,zxx,public,11791.0,True,"nijisanji,nijisanjien,doppio dropsight,DRAMA CD,bug fables,vtuber,male vtuber,voice actor,doppio dropscythe,clip,doppio,horror,horror game,all endings,banban,bird,markiplier,baby in yellow,vtuber horror",24958.0,1956.0,0.0,32.0,False,20,"Action_game,Role-playing_video_game,Video_game_culture",2023-06-18 23:11:10+00:00,,2023-06-18 23:10:00+00:00,UCy91xBlY_Brh3bnHxKtjrrg,Doppio Dropscytheã€NIJISANJI ENã€‘,2022-11-14 00:30:34.045139+00:00,JP,UUy91xBlY_Brh3bnHxKtjrrg,https://www.youtube.com/channel/UCy91xBlY_Brh3bnHxKtjrrg,http://www.youtube.com/@DoppioDropscythe,"THANKS FOR DROPPING IN! ğŸ£ğŸ£ğŸ£ğŸ£ğŸ£
Iâ€™m Doppio Dropscythe, representing XSOLEILâ€™s Student Council as the Instituteâ€™s DUKE OF DISCIPLINE! Please join me and the other members of XSOLEIL ON OUR ADVENTURES!
ãƒ‰ãƒƒãƒ”ã‚ª ãƒ‰ãƒ­ãƒƒãƒ—ã‚µã‚¤ãƒˆã§ã™ !ğŸ£ğŸ£ğŸ£ğŸ£ğŸ£
Twitter:
https://twitter.com/D_Dropscythe
Header made by my L2D mama!!!: https://twitter.com/take_bayashi_3d

ã€Hashtagsã€‘
ãƒ»GENERAL: #DoppioDropscythe
ãƒ»LIVE: #Dropstonight
ãƒ»SFW ART: #Dropsights / NSFW: #Dropshy
ãƒ»THUMBNAIL/ASSETS: #Doppioassets
ãƒ»ASMR SCRIPTS: #Doppioassets
ãƒ»FAN NAME: #Doppigangers
ãƒ»STUDENT COUNCIL: #XSOLEIL

â–  For more information, visit:
 ãƒ» NIJISANJI Official YouTube (EN): https://www.youtube.com/channel/UC-JSeFfovhNsEhftt1WHMvg 
ãƒ» NIJISANJI Official Twitch: https://www.twitch.tv/nijisanji_en
 ãƒ» NIJISANJI Official Twitter (English account): https://twitter.com/NIJISANJI_World
 ãƒ»ANYCOLOR Official Website: https://www.anycolor.co.jp/
 ãƒ» For Business and PR Inquiries: https://www.anycolor.co.jp/en/contact
",@doppiodropscythe,"Doppio,doppio,Doppio clips,doppio dropscythe,nijisanji en,nijisanji,nijisanji doppio,Doppio Dropscythe,Doppio nijisanji,doppio vtuber,Doppio vtuber,doppio clips,doppio shorts,dropscythe,male vtuber,vtuber doppio,NIJISANJI EN,doppio asmr,nijisanji asmr,doppio suika,suika tournament,envtuber,doppio niji,niji doppio,niji en doppio,nijisanji en clips,nijisanji clips,doppi,piochan,pio,xsoleil,dopio,ã«ã˜ã•ã‚“ã˜,ã«ã˜ã•ã‚“ã˜EN,ãƒ‰ãƒƒãƒ”ã‚ª,ãƒ‰ãƒƒãƒ”ã‚ª ãƒ‰ãƒ­ãƒƒãƒ—ã‚µã‚¤ãƒˆ,ãƒ‰ãƒƒãƒ”ã‚ª ãƒ‰ãƒ­ãƒƒãƒ—ã‚µã‚¤ãƒˆ nijisanji",True,False,"Action_game,Role-playing_video_game,Video_game_culture,Action-adventure_game",9983898.0,383.0,221000.0
vtuber,44.0,y9dI6Xs6FnQ,2023-01-05 21:58:13+00:00,[Now Hiring!] Watch before you audition! VTuber Agency Audition Tips from Real Agency VTubers,Idol-EN 2nd gen auditions are NOW OPEN! Apply now at https://idol-company.com/audition/ (but only if you like IKEA shark) ...,https://i.ytimg.com/vi/y9dI6Xs6FnQ/default.jpg,,public,7765.0,True,"idolEN,idol en,idol,idol corp,idol company,vtuber,virtual youtuber,e-sekai,e sekai,idolEN gen 1,rin penrose,vtuber original song,yuko yurei,pochi wanmaru,fuyo cloverfield,juna unagi,idolHE,vtuber bgm,ãƒ–ã‚¤ãƒãƒ¥ãƒ¼ãƒãƒ¼,ãƒãƒ¼ãƒãƒ£ãƒ«ãƒ¦ãƒ¼ãƒãƒ¥ãƒ¼ãƒãƒ¼,vtuber advice,vtuber audition,vtuber audition advice,vtuber audition tips,idol auditions,vtuber audition video,vtuber audition experience,vtuber audition open,vtuber audition sample,nijisanji audition,hololive audition",42965.0,3162.0,0.0,102.0,False,24,Entertainment,2023-01-05 19:01:28+00:00,,2023-01-05 19:00:00+00:00,UCpZIbzoEC_3rZglErpQkbDg,Rin Penrose Ch. idol-EN,2022-08-12 22:37:51.829341+00:00,US,UUpZIbzoEC_3rZglErpQkbDg,https://www.youtube.com/channel/UCpZIbzoEC_3rZglErpQkbDg,http://www.youtube.com/@rinpenrose,"Rin is the self-proclaimed prince (â€œNot princess!â€) of a kingdom in another world. Though she tries to maintain a â€œproperâ€ demeanour befitting her royal heritage, her true, unfathomable personality always shines through.

As for why a prince would want to be a VTuberâ€¦ It seems even the Royal Family has its secrets.

Support this Nonsense: https://streamelements.com/rinpenrose/tip

â€âŠ±â”„â”„â”„â”„âŠ°â€ Â°â€¢ â™” â€¢Â° â€âŠ±â”„â”„â”„â”„âŠ°â€

One's tags: 
For GENERAL: #RinPenrose
For FANART: #inkpaintrose
For FANMADE ASSETS: #rintellectualproperty
For CLIPS: #caughtrin4k
For ""MEMES"": #painrose

â€âŠ±â”„â”„â”„â”„âŠ°â€ Â°â€¢ â™” â€¢Â° â€âŠ±â”„â”„â”„â”„âŠ°â€

Esteemed ãƒãƒ: https://twitter.com/rollsheeeep
Revered ãƒ‘ãƒ‘: https://twitter.com/re_reinly
",@rinpenrose,"idolEN,idol en,idol,idol corp,idol company,vtuber,virtual youtuber,e-sekai,e sekai,idolEN gen 1,rin penrose,vtuber debut,debut stream,debut 2.0,vtuber original song,yuko yurei,pochi wanmaru,fuyo cloverfield,juna unagi,idolHE,vtuber bgm,ãƒ–ã‚¤ãƒãƒ¥ãƒ¼ãƒãƒ¼,ãƒãƒ¼ãƒãƒ£ãƒ«ãƒ¦ãƒ¼ãƒãƒ¥ãƒ¼ãƒãƒ¼,riro ron,idol origin,project star,rin penrose ad,2d vtuber,vtuber en,idolen gen 2,roca rourin,coni confetti,kai saikota,momo otako,poko rakun,idol endless,bin benrose,bin benbose",True,False,"Role-playing_video_game,Video_game_culture,Action_game",120213442.0,459.0,719000.0
vtuber,45.0,cPPit-oqHfM,2022-10-26 05:20:18+00:00,"DO NOT CALL THIS VTUBER AT 3 AM!! (REAL HAND AND LUCA, NOT CLICKBAIT, SCARY, HE ACTUALLY ANSWERED)",No Sussies were harmed during this live stream. ã€STREAMLABSã€‘ https://streamlabs.com/lucakaneshironijisanjien/tip ...,https://i.ytimg.com/vi/cPPit-oqHfM/default.jpg,,public,2666.0,True,"vtuber,male vtuber,nijisanji,nijisanji en,ã«ã˜ã•ã‚“ã˜,envtuber,english vtuber,English,Luxiem,Ike Eveland,Mysta Rias,Shu Yamino,Luca Kaneshiro,Vox Akuma,LazuLight,OBSYDIA,Ethyria,pog,crazy,insane,game,gamer,minecraft",261246.0,28347.0,0.0,543.0,False,22,,2022-10-26 04:32:00+00:00,,2022-10-26 04:30:00+00:00,UC7Gb7Uawe20QyFibhLl1lzA,Luca Kaneshiroã€NIJISANJI ENã€‘,2021-11-30 23:14:41.881427+00:00,JP,UU7Gb7Uawe20QyFibhLl1lzA,https://www.youtube.com/channel/UC7Gb7Uawe20QyFibhLl1lzA,http://www.youtube.com/@LucaKaneshiro,"NIJISANJI EN's first male wave #Luxiem
Make sure to check out my channels and streams. OR ELSE.

â–  For more information, visit:
 ãƒ» NIJISANJI Official YouTube (EN): https://www.youtube.com/channel/UC-JSeFfovhNsEhftt1WHMvg 
 ãƒ» NIJISANJI Official Twitch: https://www.twitch.tv/nijisanji_en
 ãƒ» NIJISANJI Official Twitter (English account): https://twitter.com/NIJISANJI_World
 ãƒ» ANYCOLOR Official Website: https://www.anycolor.co.jp/
 ãƒ» NIJISANJI Official Reddit: https://www.reddit.com/r/Nijisanji/
 ãƒ» NIJISANJI Official Instagram: https://instagram.com/nijisanji_en
 ãƒ» NIJISANJI Official Tiktok: https://www.tiktok.com/@nijisanji_en?lang=en
 ãƒ» NIJISANJI Official Facebook (English account): https://www.facebook.com/nijisanji.official/
 ãƒ» NIJISANJI Official YouTube (JP): https://www.youtube.com/channel/UCX7YkU9nEeaoZbkVLVajcMg
 ãƒ» For Business and PR Inquiries: https://www.anycolor.co.jp/en/contact
",@lucakaneshiro,,True,False,"Action_game,Action-adventure_game,Role-playing_video_game,Video_game_culture",102666291.0,546.0,1040000.0
vtuber,46.0,PiEJij6GUV0,2024-06-16 19:41:28+00:00,ã€ CarForSaleSimulator2023 VTuber ã‚²ãƒ¼ãƒ å®Ÿæ³ ã€‘,ä¸­å¤è»Šè²©å£²æ¥­ã§ç¨¼ã„ã ãŠé‡‘ã§YouTubeæ´»å‹•ã™ã‚‹æ‚ªå¾³VTuberã§ã™ã€‚ #ã‚¹ã‚¤ãƒ©ã‚¤ãƒ– #CarForSaleSimulator2023 #æ²³å´ç¿† #Vtuber ...,https://i.ytimg.com/vi/PiEJij6GUV0/default.jpg,ja,public,16158.0,True,"Vtuber,ãƒãƒ¼ãƒãƒ£ãƒ«ãƒ©ã‚¤ãƒãƒ¼,æ—¥æœ¬,japan,æ²³å´ç¿†,envtuber,english vtuber,vtubers,virtual youtuber,ã‚²ãƒ¼ãƒ å®Ÿæ³,CarForSaleSimulator2023",5055.0,602.0,0.0,8.0,False,20,Video_game_culture,2024-06-16 15:00:14+00:00,,2024-06-16 15:00:00+00:00,UCs86f6tbWatcKVt7emv9hfQ,æ²³å´ ç¿† ch / Kawasaki Sui ch.,2020-06-15 15:45:36.336944+00:00,JP,UUs86f6tbWatcKVt7emv9hfQ,https://www.youtube.com/channel/UCs86f6tbWatcKVt7emv9hfQ,http://www.youtube.com/@Sui_Kawasaki,"VTuberã‚¢ãƒŠãƒªã‚¹ãƒˆã¨ã—ã¦æ¥­ç•Œã®è§£èª¬ã‚’ã—ã¦ã„ã¾ã™ã€æ²³å´ç¿†ï¼ˆã‹ã‚ã•ã ã™ã„ï¼‰ã§ã™ã€‚
æ™®æ®µã¯å¤§ä¼æ¥­ã®å—ä»˜å¬¢ã‚’ã—ã¦ã„ã¾ã™â™ª

ï¼œã‚­ãƒ£ãƒ©ã‚¯ã‚¿ãƒ¼åŸæ¡ˆï¼
çµåŸå¿—å¸Œ æ§˜ï¼ˆhttps://twitter.com/yuijyo_shikiï¼‰
ï¼œã‚¤ãƒ©ã‚¹ãƒˆï¼
kræœ¨ æ§˜ï¼ˆhttps://twitter.com/manatu01ï¼‰
ï¼œLIVE2Dãƒ¢ãƒ‡ãƒªãƒ³ã‚°ï¼
åˆä»£ã€€æ¸¡ç¶± æ§˜ï¼ˆhttps://twitter.com/watari_tunaï¼‰
2ä»£ç›®ã€€è—¤å’²ã†ã„ã‹ æ§˜ï¼ˆhttps://twitter.com/WinOPZï¼‰
ï¼œ3Dã‚¢ãƒã‚¿ãƒ¼ãƒ¢ãƒ‡ãƒªãƒ³ã‚°ï¼
ã“ã¨ã¶ã¿ã“ã¾ã® æ§˜ï¼ˆhttps://twitter.com/kotobumi_komanoï¼‰
ï¼œPMXãƒ¢ãƒ‡ãƒ«å¤‰æ›ï¼
ç´«å…ä¸ æ§˜ï¼ˆhttps://twitter.com/sisouhinotoï¼‰
ï¼œãƒ¢ãƒ¼ã‚·ãƒ§ãƒ³ãƒ­ã‚´ï¼
æµ®ãé›² æ§˜ï¼ˆhttps://twitter.com/apricotonlolï¼‰
ï¼œã‚¢ãƒŠãƒ­ã‚°æ™‚è¨ˆåˆ¶ä½œï¼
ã¿ã‚“ã¡ã‚Šãˆ æ§˜ï¼ˆ https://min-chi.material.jp/ ï¼‰
",@sui_kawasaki,"Vtuber,æœ—èª­,ãƒãƒ¼ãƒãƒ£ãƒ«YouTuber,Japan,Japanese,æ­Œã£ã¦ã¿ãŸ,ã‚²ãƒ¼ãƒ ,å®Ÿæ³ãƒ—ãƒ¬ã‚¤,ENTuber,ãŠå§‰ã•ã‚“,ç™’ã—,ã‚²ãƒ¼ãƒ å®Ÿæ³,ãƒ©ã‚¸ã‚ª,é›‘è«‡,å¯¾è«‡,è¬›åº§,è§£èª¬",True,False,"Entertainment,Video_game_culture",17579977.0,2241.0,581000.0
vtuber,47.0,SrQ1W-Dbxgo,2022-05-18 14:23:56+00:00,[LIVE] VTUBER VS YOUTUBER: TURNAMEN GAME JADUL â€¼ï¸â€‹,VTuber: @daem @MinervaRosaline @mythiabatfordch @NekoyamaSena YouTuber: @WindahBasudara @riodjaja ...,https://i.ytimg.com/vi/SrQ1W-Dbxgo/default.jpg,id,public,7425.0,True,"Muse Indonesia,Windah basudara,Rio Djaja,Mythia Batford,Minerva Rosaline,Nekoyama Sena",311627.0,15681.0,0.0,363.0,False,20,"Action_game,Video_game_culture",2022-05-18 12:09:56+00:00,,2022-05-18 12:00:00+00:00,UCxxnxya_32jcKj4yN1_kD7A,Muse Indonesia,2020-06-11 02:37:48.657330+00:00,ID,UUxxnxya_32jcKj4yN1_kD7A,https://www.youtube.com/channel/UCxxnxya_32jcKj4yN1_kD7A,http://www.youtube.com/@MuseIndonesia,"Muse Indonesia merupakan bagian dari Muse Communication Co., Ltd. yang didirikan para tahun 1992 sebagai perusahaan yang bergerak dalam distribusi animasi Jepang. Kami memiliki pengalaman dan tim multinasional di pangsa pasar Asia.",@museindonesia,,True,False,"Entertainment,Film,Television_program",2046375531.0,6710.0,8890000.0
vtuber,48.0,Om31XSxUeJE,2022-12-29 12:28:32+00:00,ğŸ”´ KALO KETAWA... DONATE VTUBER ğŸ¦‡âœ¨,"ã€ ORIGINAL SONG ã€‘ Streaming ""Cukup"" now! âœ¦ https://youtu.be/7PgQSYSOWQM PERATURAN STREAM : Halo! Sebelum ...",https://i.ytimg.com/vi/Om31XSxUeJE/default.jpg,id,public,10008.0,False,"vtuber,vtuber indonesia,vtuberid,model reveal,vtuber 2.0,vampire,virtual youtuber,projekt genesis,muse indonesia,mythiabatford,mythiavtuber,mythia,vtuberindo,vtuberdebut,mythia 2.0",35790.0,2632.0,0.0,21.0,False,20,Video_game_culture,2022-12-29 09:18:18+00:00,,2022-12-29 09:15:00+00:00,UCCK072ns5Bt1nYqX1CoaZ-g,Mythia Batford,2020-10-14 22:06:20.135196+00:00,ID,UUCK072ns5Bt1nYqX1CoaZ-g,https://www.youtube.com/channel/UCCK072ns5Bt1nYqX1CoaZ-g,http://www.youtube.com/@mythiabatfordch," ğ•ğšğ¦ğ©ğ¢ğ«ğ ğˆğğ¨ğ¥. 
",@mythiabatfordch,,True,False,"Action_game,Entertainment,Role-playing_video_game,Video_game_culture",63955231.0,613.0,909000.0
vtuber,49.0,rOWBehGWKAQ,2023-06-20 02:48:50+00:00,ã€YU-GI-OH MASTER DUELã€‘Teaching A VTUBER Yu-Gi-Oh w/ @PochiWanmaru,Support Nova here! â½ https://streamlabs.com/novaaokamichvreverie Chaotic Frost Dragon part of VReverie's 1st Generation ...,https://i.ytimg.com/vi/rOWBehGWKAQ/default.jpg,en,public,9292.0,True,"vtuber,envtuber,nova aokami,vreverie,nova vreverie",10933.0,682.0,0.0,17.0,False,20,"Role-playing_video_game,Video_game_culture",2023-06-20 00:02:56+00:00,,2023-06-20 00:00:00+00:00,UCA4bOB1Jnw5-lbuoSCfxc-w,Nova Aokami Ch. [VReverie],2022-01-04 14:51:54.286769+00:00,SG,UUA4bOB1Jnw5-lbuoSCfxc-w,https://www.youtube.com/channel/UCA4bOB1Jnw5-lbuoSCfxc-w,http://www.youtube.com/@NovaAokami,"Chaotic Frost Dragon of VReverie's 1st Generation

Follow me on Twitter:
â½ Twitter - @NovaAokami

VReverie
â½ Official Website - https://v-reverie.com/
â½ Official Twitter - @VReverieLive
â½ Merchandise - https://v-reverie.com/product-category/nova-aokami/",@novaaokami,"master duel,yugioh,Nova VTuber,yugioh nova,yugioh vtuber,nova aokami,nova aokomi,nova vreverie,yugioh streamer,tcg streamer,tcg live stream,VTuber,tcg,trading card game,tcg online,VReverie",True,False,"Role-playing_video_game,Video_game_culture,Action_game",6524722.0,655.0,68000.0
vtuber,50.0,kbc2hRm3G0Y,2023-03-01 16:09:43+00:00,à¸—à¸³à¸„à¹ˆà¸²à¸¢ Vtuber à¹„à¸¡à¹ˆà¸‡à¹ˆà¸²à¸¢à¹€à¸¥à¸¢ // à¹€à¸à¸·à¹ˆà¸­à¸™à¸šà¸­à¸à¹ƒà¸«à¹‰à¸¥à¸­à¸‡à¸—à¸³ Podcast # 152,Podcast #à¸à¸­à¸”à¹à¸„à¸ªà¸•à¹Œ #Vtuber à¸—à¸³à¸„à¹ˆà¸²à¸¢ Vtuber à¹„à¸¡à¹ˆà¸‡à¹ˆà¸²à¸¢à¹€à¸¥à¸¢ à¹€à¸à¸·à¹ˆà¸­à¸™à¸šà¸­à¸à¹ƒà¸«à¹‰à¸¥à¸­à¸‡à¸—à¸³ Podcast # 152 à¹ƒà¸™à¸§à¸±à¸™à¸—à¸µà¹ˆ Vtuber à¸à¸¥à¸²à¸¢à¹€à¸›à¹‡à¸™à¹€à¸£à¸·à¹ˆà¸­à¸‡à¸—à¸µà¹ˆà¹à¸à¸£à¹ˆà¸«à¸¥à¸²à¸¢ ...,https://i.ytimg.com/vi/kbc2hRm3G0Y/default.jpg,th,public,5535.0,True,,11165.0,460.0,0.0,6.0,False,24,Entertainment,2023-03-01 14:14:15+00:00,,2023-03-01 14:15:00+00:00,UCIV984L_y69QNJkFE-JPhew,Pochi Pochi (à¹à¸«à¹ˆà¸«à¸±à¸§),2008-02-11 13:08:46+00:00,TH,UUIV984L_y69QNJkFE-JPhew,https://www.youtube.com/channel/UCIV984L_y69QNJkFE-JPhew,http://www.youtube.com/@pochix2,à¸¢à¸²à¸§à¸«à¸™à¹ˆà¸­à¸¢ à¹à¸•à¹ˆà¸–à¹‰à¸²à¸„à¸¸à¸“à¸Šà¸­à¸šà¸œà¸¡à¸à¹‡à¸”à¸µà¹ƒà¸ˆà¸™à¸°à¸„à¸£à¸±à¸š,@pochix2,,True,False,Video_game_culture,27761481.0,1379.0,58300.0
